代码,名称,当前价,评分,信号数量,信号列表,详情
603017,中衡设计,9.8,12,5,"['地量', '均线粘合', '形态收敛', '低点抬高', '低位']","['地量(均量22%)', '均线粘合(离散度1.79%)']"
603393,新天然气,25.08,12,5,"['地量', '均线粘合', '形态收敛', '低点抬高', '低位']","['筹码集中度55%', '地量(均量31%)', '均线粘合(离散度2.39%)']"
000543,皖能电力,7.35,12,5,"['地量', '均线粘合', '形态收敛', '低点抬高', '低位']","['筹码集中度62%', '地量(均量31%)', '均线粘合(离散度0.83%)']"
000927,中国铁物,2.48,12,5,"['地量', '均线粘合', '形态收敛', '低点抬高', '低位']","['筹码集中度50%', '地量(均量30%)', '均线粘合(离散度0.96%)']"
002263,大东南,3.22,12,5,"['地量', '均线粘合', '形态收敛', '低点抬高', '低位']","['地量(均量26%)', '均线粘合(离散度2.42%)']"
300603,立昂技术,8.04,12,5,"['地量', '均线粘合', '形态收敛', '低点抬高', '低位']","['地量(均量31%)', '均线粘合(离散度1.40%)']"
301168,通灵股份,40.43,12,5,"['地量', '均线粘合', '形态收敛', '低点抬高', '低位']","['筹码集中度76%', '地量(均量28%)', '均线粘合(离散度1.11%)']"
600968,海油发展,3.95,11,4,"['地量', '均线粘合', '形态收敛', '低点抬高']","['筹码集中度88%', '地量(均量38%)', '均线粘合(离散度1.82%)']"
603010,万盛股份,12.29,11,5,"['地量', '均线粘合', '形态收敛', '低点抬高', '低位']","['地量(均量50%)', '均线粘合(离散度1.80%)']"
688084,晶品特装,43.4,11,5,"['地量', '均线粘合', '形态收敛', '低点抬高', '低位']","['地量(均量53%)', '均线粘合(离散度1.30%)']"
688400,凌云光,47.29,11,5,"['地量', '均线粘合', '形态收敛', '低点抬高', '低位']","['地量(均量50%)', '均线粘合(离散度2.65%)']"
688667,菱电电控,98.59,11,5,"['地量', '均线粘合', '形态收敛', '低点抬高', '低位']","['地量(均量59%)', '均线粘合(离散度1.65%)']"
002034,旺能环境,14.38,11,5,"['地量', '均线粘合', '形态收敛', '低点抬高', '低位']","['地量(均量32%)', '均线粘合(离散度0.36%)']"
002202,金风科技,18.2,11,5,"['地量', '均线粘合', '形态收敛', '低点抬高', '低位']","['地量(均量43%)', '均线粘合(离散度2.74%)']"
003019,宸展光电,27.54,11,5,"['地量', '均线粘合', '形态收敛', '低点抬高', '低位']","['地量(均量42%)', '均线粘合(离散度2.71%)']"
300828,锐新科技,16.93,11,5,"['地量', '均线粘合', '形态收敛', '低点抬高', '低位']","['地量(均量44%)', '均线粘合(离散度1.66%)']"
300834,星辉环材,39.94,11,4,"['地量', '均线粘合', '形态收敛', '低点抬高']","['筹码集中度55%', '地量(均量20%)', '均线粘合(离散度0.68%)']"
300932,三友联众,10.85,11,4,"['地量', '均线粘合', '形态收敛', '低点抬高']","['筹码集中度65%', '地量(均量35%)', '均线粘合(离散度2.87%)']"
399622,深证公用事业行业指数,1717.01,11,5,"['地量', '均线粘合', '形态收敛', '低点抬高', '低位']","['筹码集中度40%', '地量(均量44%)', '均线粘合(离散度0.22%)']"
399689,深成公用事业行业指数,861.38,11,5,"['地量', '均线粘合', '形态收敛', '低点抬高', '低位']","['筹码集中度40%', '地量(均量45%)', '均线粘合(离散度0.22%)']"
600021,上海电力,13.39,10,4,"['地量', '均线粘合', '形态收敛', '低位']","['地量(均量28%)', '均线粘合(离散度1.86%)']"
600036,招商银行,40.59,10,4,"['地量', '均线粘合', '形态收敛', '低点抬高']","['筹码集中度83%', '地量(均量57%)', '均线粘合(离散度2.15%)']"
600078,澄星股份,10.26,10,4,"['地量', '均线粘合', '形态收敛', '低位']","['地量(均量20%)', '均线粘合(离散度2.28%)']"
600085,同仁堂,23.22,10,4,"['地量', '均线粘合', '形态收敛', '低位']","['筹码集中度60%', '地量(均量34%)', '均线粘合(离散度1.79%)']"
600125,铁龙物流,5.28,10,5,"['地量', '均线粘合', '形态收敛', '低点抬高', '低位']","['筹码集中度54%', '地量(均量45%)', '均线粘合(离散度0.77%)']"
600131,国网信通,14.3,10,4,"['地量', '均线粘合', '形态收敛', '低位']","['筹码集中度42%', '地量(均量28%)', '均线粘合(离散度1.47%)']"
600152,维科技术,7.99,10,4,"['地量', '均线粘合', '形态收敛', '低位']","['地量(均量16%)', '均线粘合(离散度0.72%)']"
600158,中体产业,7.06,10,4,"['地量', '均线粘合', '形态收敛', '低位']","['地量(均量25%)', '均线粘合(离散度1.46%)']"
600201,生物股份,11.73,10,4,"['地量', '均线粘合', '形态收敛', '低位']","['筹码集中度52%', '地量(均量36%)', '均线粘合(离散度2.14%)']"
600236,桂冠电力,9.74,10,4,"['地量', '均线粘合', '形态收敛', '低位']","['筹码集中度62%', '地量(均量31%)', '均线粘合(离散度1.44%)']"
600241,时代万恒,7.15,10,4,"['地量', '均线粘合', '形态收敛', '低位']","['筹码集中度51%', '地量(均量35%)', '均线粘合(离散度1.93%)']"
600268,国电南自,10.38,10,4,"['地量', '均线粘合', '形态收敛', '低位']","['地量(均量31%)', '均线粘合(离散度1.75%)']"
600382,广东明珠,6.21,10,4,"['地量', '均线粘合', '形态收敛', '低位']","['地量(均量37%)', '均线粘合(离散度1.13%)']"
600392,盛和资源,21.54,10,4,"['地量', '均线粘合', '形态收敛', '低位']","['地量(均量32%)', '均线粘合(离散度2.72%)']"
600422,昆药集团,8.14,10,4,"['地量', '均线粘合', '形态收敛', '低位']","['筹码集中度63%', '地量(均量29%)', '均线粘合(离散度1.85%)']"
600436,片仔癀,118.31,10,4,"['地量', '均线粘合', '形态收敛', '低位']","['筹码集中度49%', '地量(均量36%)', '均线粘合(离散度2.68%)']"
600481,双良节能,4.15,10,4,"['地量', '均线粘合', '形态收敛', '低位']","['地量(均量29%)', '均线粘合(离散度1.29%)']"
600509,天富能源,7.26,10,4,"['地量', '均线粘合', '形态收敛', '低位']","['地量(均量26%)', '均线粘合(离散度1.69%)']"
600528,中铁工业,6.84,10,4,"['地量', '均线粘合', '形态收敛', '低位']","['筹码集中度46%', '地量(均量23%)', '均线粘合(离散度0.56%)']"
600538,国发股份,4.9,10,4,"['地量', '均线粘合', '形态收敛', '低位']","['地量(均量33%)', '均线粘合(离散度1.64%)']"
600550,保变电气,10.88,10,4,"['地量', '均线粘合', '形态收敛', '低位']","['地量(均量32%)', '均线粘合(离散度1.57%)']"
600578,京能电力,5.37,10,4,"['地量', '均线粘合', '形态收敛', '低位']","['地量(均量33%)', '均线粘合(离散度1.97%)']"
600586,金晶科技,4.06,10,4,"['地量', '均线粘合', '形态收敛', '低位']","['地量(均量29%)', '均线粘合(离散度0.85%)']"
600589,大位科技,7.82,10,4,"['地量', '均线粘合', '形态收敛', '低位']","['地量(均量30%)', '均线粘合(离散度1.45%)']"
600635,大众公用,4.52,10,4,"['地量', '均线粘合', '形态收敛', '低位']","['筹码集中度48%', '地量(均量33%)', '均线粘合(离散度1.16%)']"
600642,申能股份,8.67,10,5,"['地量', '均线粘合', '形态收敛', '低点抬高', '低位']","['筹码集中度91%', '地量(均量49%)', '均线粘合(离散度0.79%)']"
600676,久事动娱,6.74,10,4,"['地量', '均线粘合', '形态收敛', '低位']","['筹码集中度68%', '地量(均量33%)', '均线粘合(离散度0.29%)']"
600731,湖南海利,5.77,10,4,"['地量', '均线粘合', '形态收敛', '低位']","['筹码集中度67%', '地量(均量37%)', '均线粘合(离散度1.39%)']"
600756,浪潮软件,13.72,10,4,"['地量', '均线粘合', '形态收敛', '低位']","['地量(均量27%)', '均线粘合(离散度1.92%)']"
600768,富邦新材,14.35,10,4,"['地量', '均线粘合', '形态收敛', '低位']","['地量(均量36%)', '均线粘合(离散度1.49%)']"
600775,南京熊猫,9.73,10,4,"['地量', '均线粘合', '形态收敛', '低位']","['筹码集中度53%', '地量(均量39%)', '均线粘合(离散度0.91%)']"
600797,浙大网新,6.61,10,4,"['地量', '均线粘合', '形态收敛', '低位']","['筹码集中度44%', '地量(均量28%)', '均线粘合(离散度1.14%)']"
600821,金开新能,6.16,10,4,"['地量', '均线粘合', '形态收敛', '低位']","['地量(均量33%)', '均线粘合(离散度0.75%)']"
600853,龙建股份,3.26,10,5,"['地量', '均线粘合', '形态收敛', '低点抬高', '低位']","['筹码集中度56%', '地量(均量57%)', '均线粘合(离散度1.48%)']"
600863,华能蒙电,4.73,10,4,"['地量', '均线粘合', '形态收敛', '低位']","['筹码集中度63%', '地量(均量39%)', '均线粘合(离散度0.67%)']"
600873,梅花生物,7.53,10,4,"['地量', '均线粘合', '形态收敛', '低位']","['筹码集中度45%', '地量(均量38%)', '均线粘合(离散度1.52%)']"
600905,三峡能源,3.65,10,4,"['地量', '均线粘合', '形态收敛', '低位']","['地量(均量30%)', '均线粘合(离散度0.93%)']"
600955,维远股份,12.4,10,4,"['地量', '均线粘合', '形态收敛', '低位']","['地量(均量28%)', '均线粘合(离散度1.93%)']"
600956,新天绿能,7.21,10,4,"['地量', '均线粘合', '形态收敛', '低位']","['地量(均量29%)', '均线粘合(离散度1.09%)']"
600973,宝胜股份,6.11,10,4,"['地量', '均线粘合', '形态收敛', '低位']","['筹码集中度42%', '地量(均量39%)', '均线粘合(离散度0.46%)']"
600986,浙文互联,7.1,10,4,"['地量', '均线粘合', '形态收敛', '低位']","['地量(均量26%)', '均线粘合(离散度1.06%)']"
600992,贵绳股份,9.61,10,4,"['地量', '均线粘合', '形态收敛', '低位']","['筹码集中度44%', '地量(均量31%)', '均线粘合(离散度1.13%)']"
600995,南网储能,12.32,10,4,"['地量', '均线粘合', '形态收敛', '低位']","['筹码集中度43%', '地量(均量31%)', '均线粘合(离散度0.43%)']"
601016,节能风电,3.43,10,4,"['地量', '均线粘合', '形态收敛', '低位']","['地量(均量31%)', '均线粘合(离散度1.21%)']"
601096,宏盛华源,4.11,10,4,"['地量', '均线粘合', '形态收敛', '低位']","['筹码集中度45%', '地量(均量33%)', '均线粘合(离散度0.89%)']"
601107,四川成渝,5.95,10,4,"['地量', '均线粘合', '形态收敛', '低点抬高']","['筹码集中度85%', '地量(均量59%)', '均线粘合(离散度2.32%)']"
601177,杭齿前进,13.59,10,4,"['地量', '均线粘合', '形态收敛', '低位']","['筹码集中度53%', '地量(均量38%)', '均线粘合(离散度1.40%)']"
601226,华电科工,6.57,10,4,"['地量', '均线粘合', '形态收敛', '低位']","['筹码集中度44%', '地量(均量37%)', '均线粘合(离散度2.01%)']"
601611,中国核建,10.42,10,4,"['地量', '均线粘合', '形态收敛', '低位']","['筹码集中度45%', '地量(均量30%)', '均线粘合(离散度1.12%)']"
601619,嘉泽新能,4.11,10,4,"['地量', '均线粘合', '形态收敛', '低位']","['地量(均量40%)', '均线粘合(离散度1.86%)']"
601669,中国电建,4.61,10,4,"['地量', '均线粘合', '形态收敛', '低位']","['筹码集中度44%', '地量(均量29%)', '均线粘合(离散度0.95%)']"
601702,华峰铝业,15.07,10,4,"['地量', '均线粘合', '形态收敛', '低位']","['筹码集中度47%', '地量(均量25%)', '均线粘合(离散度1.26%)']"
601778,晶科科技,3.55,10,4,"['地量', '均线粘合', '形态收敛', '低位']","['地量(均量27%)', '均线粘合(离散度1.65%)']"
601789,宁波建工,4.14,10,4,"['地量', '均线粘合', '形态收敛', '低位']","['地量(均量18%)', '均线粘合(离散度1.04%)']"
601808,中海油服,12.15,10,4,"['地量', '均线粘合', '形态收敛', '低位']","['筹码集中度64%', '地量(均量30%)', '均线粘合(离散度1.39%)']"
601857,中国石油,10.56,10,4,"['地量', '均线粘合', '形态收敛', '低点抬高']","['筹码集中度79%', '地量(均量51%)', '均线粘合(离散度2.00%)']"
601908,京运通,2.97,10,4,"['地量', '均线粘合', '形态收敛', '低位']","['地量(均量34%)', '均线粘合(离散度0.62%)']"
603031,安孚科技,42.69,10,4,"['地量', '均线粘合', '形态收敛', '低点抬高']","['地量(均量46%)', '均线粘合(离散度1.68%)']"
603032,德新科技,18.83,10,4,"['地量', '均线粘合', '形态收敛', '低位']","['地量(均量24%)', '均线粘合(离散度2.47%)']"
603050,科林电气,18.09,10,4,"['地量', '均线粘合', '形态收敛', '低位']","['筹码集中度45%', '地量(均量36%)', '均线粘合(离散度0.97%)']"
603070,万控智造,11.48,10,4,"['地量', '均线粘合', '形态收敛', '低位']","['地量(均量23%)', '均线粘合(离散度0.85%)']"
603158,腾龙股份,10.41,10,4,"['地量', '均线粘合', '形态收敛', '低位']","['地量(均量34%)', '均线粘合(离散度1.49%)']"
603169,兰石重装,6.2,10,4,"['地量', '均线粘合', '形态收敛', '低位']","['地量(均量34%)', '均线粘合(离散度1.41%)']"
603181,皇马科技,12.37,10,4,"['地量', '均线粘合', '形态收敛', '低位']","['地量(均量35%)', '均线粘合(离散度2.78%)']"
603194,中力股份,33.5,10,4,"['地量', '均线粘合', '形态收敛', '低位']","['筹码集中度81%', '地量(均量27%)', '均线粘合(离散度0.59%)']"
603206,嘉环科技,13.57,10,4,"['地量', '均线粘合', '形态收敛', '低位']","['地量(均量29%)', '均线粘合(离散度1.09%)']"
603212,赛伍技术,11.82,10,4,"['地量', '均线粘合', '形态收敛', '低点抬高']","['地量(均量51%)', '均线粘合(离散度0.80%)']"
603220,中贝通信,18.26,10,4,"['地量', '均线粘合', '形态收敛', '低位']","['地量(均量38%)', '均线粘合(离散度1.97%)']"
603227,雪峰科技,7.47,10,4,"['地量', '均线粘合', '形态收敛', '低位']","['地量(均量26%)', '均线粘合(离散度1.07%)']"
603275,众辰科技,36.49,10,4,"['地量', '均线粘合', '形态收敛', '低位']","['地量(均量30%)', '均线粘合(离散度0.65%)']"
603278,大业股份,9.08,10,4,"['地量', '均线粘合', '形态收敛', '低位']","['地量(均量20%)', '均线粘合(离散度1.32%)']"
603300,海南华铁,4.64,10,4,"['地量', '均线粘合', '形态收敛', '低位']","['筹码集中度48%', '地量(均量37%)', '均线粘合(离散度1.29%)']"
603301,振德医疗,81.97,10,5,"['地量', '均线粘合', '形态收敛', '低点抬高', '低位']","['筹码集中度72%', '地量(均量50%)', '均线粘合(离散度1.41%)']"
603337,杰克科技,36.67,10,4,"['地量', '均线粘合', '形态收敛', '低位']","['筹码集中度61%', '地量(均量35%)', '均线粘合(离散度2.94%)']"
603350,安乃达,27.68,10,4,"['地量', '均线粘合', '形态收敛', '低位']","['地量(均量34%)', '均线粘合(离散度1.12%)']"
603488,展鹏科技,7.99,10,4,"['地量', '均线粘合', '形态收敛', '低位']","['地量(均量39%)', '均线粘合(离散度1.72%)']"
603500,祥和实业,9.18,10,4,"['地量', '均线粘合', '形态收敛', '低位']","['地量(均量34%)', '均线粘合(离散度1.15%)']"
603508,思维列控,21.02,10,4,"['地量', '均线粘合', '形态收敛', '低位']","['筹码集中度56%', '地量(均量34%)', '均线粘合(离散度1.55%)']"
603520,司太立,8.4,10,4,"['地量', '均线粘合', '形态收敛', '低位']","['地量(均量26%)', '均线粘合(离散度2.85%)']"
603527,众源新材,9.91,10,4,"['地量', '均线粘合', '形态收敛', '低位']","['地量(均量39%)', '均线粘合(离散度0.63%)']"
603529,爱玛科技,21.43,10,4,"['地量', '均线粘合', '形态收敛', '低位']","['筹码集中度69%', '地量(均量30%)', '均线粘合(离散度1.07%)']"
603588,高能环境,16.14,10,4,"['地量', '均线粘合', '形态收敛', '低点抬高']","['筹码集中度44%', '地量(均量54%)', '均线粘合(离散度2.37%)']"
603713,密尔克卫,65.07,10,4,"['地量', '均线粘合', '形态收敛', '低点抬高']","['筹码集中度44%', '地量(均量42%)', '均线粘合(离散度1.30%)']"
603777,来伊份,13.18,10,4,"['地量', '均线粘合', '形态收敛', '低位']","['地量(均量34%)', '均线粘合(离散度2.36%)']"
603787,新日股份,10.06,10,4,"['地量', '均线粘合', '形态收敛', '低位']","['筹码集中度45%', '地量(均量32%)', '均线粘合(离散度1.31%)']"
603788,宁波高发,13.57,10,4,"['地量', '均线粘合', '形态收敛', '低位']","['地量(均量28%)', '均线粘合(离散度0.71%)']"
603803,瑞斯康达,11.75,10,4,"['地量', '均线粘合', '形态收敛', '低点抬高']","['地量(均量45%)', '均线粘合(离散度2.59%)']"
603815,交建股份,5.19,10,4,"['地量', '均线粘合', '形态收敛', '低位']","['地量(均量26%)', '均线粘合(离散度2.15%)']"
603856,东宏股份,11.42,10,4,"['地量', '均线粘合', '形态收敛', '低位']","['筹码集中度61%', '地量(均量26%)', '均线粘合(离散度1.23%)']"
603861,白云电器,11.21,10,4,"['地量', '均线粘合', '形态收敛', '低位']","['地量(均量30%)', '均线粘合(离散度2.93%)']"
603881,数据港,24.18,10,4,"['地量', '均线粘合', '形态收敛', '低位']","['地量(均量36%)', '均线粘合(离散度2.27%)']"
603895,天永智能,25.66,10,4,"['地量', '均线粘合', '形态收敛', '低位']","['地量(均量39%)', '均线粘合(离散度1.35%)']"
603933,睿能科技,19.42,10,4,"['地量', '均线粘合', '形态收敛', '低位']","['地量(均量38%)', '均线粘合(离散度1.64%)']"
603937,丽岛新材,11.57,10,4,"['地量', '均线粘合', '形态收敛', '低位']","['地量(均量30%)', '均线粘合(离散度0.89%)']"
603939,益丰药房,22.78,10,4,"['地量', '均线粘合', '形态收敛', '低点抬高']","['筹码集中度75%', '地量(均量54%)', '均线粘合(离散度1.09%)']"
603949,雪龙集团,13.87,10,4,"['地量', '均线粘合', '形态收敛', '低位']","['地量(均量26%)', '均线粘合(离散度2.27%)']"
603968,醋化股份,10.31,10,4,"['地量', '均线粘合', '形态收敛', '低位']","['地量(均量36%)', '均线粘合(离散度2.60%)']"
603977,国泰集团,11.35,10,4,"['地量', '均线粘合', '形态收敛', '低位']","['地量(均量21%)', '均线粘合(离散度2.36%)']"
603985,恒润股份,17.0,10,4,"['地量', '均线粘合', '形态收敛', '低位']","['地量(均量33%)', '均线粘合(离散度2.28%)']"
605050,福然德,10.16,10,4,"['地量', '均线粘合', '形态收敛', '低位']","['筹码集中度45%', '地量(均量27%)', '均线粘合(离散度1.05%)']"
605090,九丰能源,32.67,10,4,"['地量', '均线粘合', '形态收敛', '低位']","['地量(均量26%)', '均线粘合(离散度2.33%)']"
605268,王力安防,9.63,10,4,"['地量', '均线粘合', '形态收敛', '低位']","['筹码集中度41%', '地量(均量29%)', '均线粘合(离散度1.44%)']"
605287,德才股份,35.7,10,4,"['地量', '均线粘合', '形态收敛', '低位']","['地量(均量26%)', '均线粘合(离散度2.59%)']"
688128,中国电研,21.94,10,4,"['地量', '均线粘合', '形态收敛', '低位']","['筹码集中度43%', '地量(均量35%)', '均线粘合(离散度0.66%)']"
688186,广大特材,14.12,10,4,"['地量', '均线粘合', '形态收敛', '低位']","['地量(均量27%)', '均线粘合(离散度0.71%)']"
688280,精进电动,5.01,10,4,"['地量', '均线粘合', '形态收敛', '低位']","['地量(均量31%)', '均线粘合(离散度2.21%)']"
688303,大全能源,16.34,10,4,"['地量', '均线粘合', '形态收敛', '低位']","['地量(均量40%)', '均线粘合(离散度2.20%)']"
688314,康拓医疗,30.21,10,4,"['地量', '均线粘合', '形态收敛', '低位']","['地量(均量32%)', '均线粘合(离散度2.53%)']"
688350,富淼科技,27.44,10,4,"['地量', '均线粘合', '形态收敛', '低位']","['筹码集中度41%', '地量(均量29%)', '均线粘合(离散度1.77%)']"
688358,祥生医疗,27.77,10,4,"['地量', '均线粘合', '形态收敛', '低位']","['筹码集中度48%', '地量(均量35%)', '均线粘合(离散度2.72%)']"
688479,友车科技,34.4,10,4,"['地量', '均线粘合', '形态收敛', '低点抬高']","['筹码集中度45%', '地量(均量44%)', '均线粘合(离散度1.84%)']"
688509,正元地信,4.1,10,4,"['地量', '均线粘合', '形态收敛', '低位']","['筹码集中度43%', '地量(均量35%)', '均线粘合(离散度1.02%)']"
688663,新风光,56.2,10,4,"['地量', '均线粘合', '形态收敛', '低点抬高']","['筹码集中度47%', '地量(均量40%)', '均线粘合(离散度0.85%)']"
688680,海优新材,34.0,10,4,"['地量', '均线粘合', '形态收敛', '低位']","['地量(均量40%)', '均线粘合(离散度2.92%)']"
688707,振华新材,10.25,10,4,"['地量', '均线粘合', '形态收敛', '低位']","['地量(均量23%)', '均线粘合(离散度1.78%)']"
688750,金天钛业,14.16,10,4,"['地量', '均线粘合', '形态收敛', '低位']","['地量(均量39%)', '均线粘合(离散度1.33%)']"
688768,容知日新,41.15,10,4,"['地量', '均线粘合', '形态收敛', '低位']","['筹码集中度46%', '地量(均量19%)', '均线粘合(离散度2.25%)']"
688779,五矿新能,7.74,10,4,"['地量', '均线粘合', '形态收敛', '低位']","['筹码集中度46%', '地量(均量28%)', '均线粘合(离散度0.86%)']"
000155,川能动力,11.8,10,4,"['地量', '均线粘合', '形态收敛', '低位']","['地量(均量28%)', '均线粘合(离散度0.95%)']"
000537,绿发电力,7.53,10,4,"['地量', '均线粘合', '形态收敛', '低位']","['地量(均量29%)', '均线粘合(离散度0.35%)']"
000541,佛山照明,4.91,10,4,"['地量', '均线粘合', '形态收敛', '低位']","['筹码集中度78%', '地量(均量33%)', '均线粘合(离散度0.69%)']"
000546,金圆股份,4.49,10,4,"['地量', '均线粘合', '形态收敛', '低位']","['地量(均量19%)', '均线粘合(离散度1.47%)']"
000601,韶能股份,6.27,10,4,"['地量', '均线粘合', '形态收敛', '低位']","['筹码集中度49%', '地量(均量30%)', '均线粘合(离散度0.79%)']"
000631,顺发恒能,2.91,10,4,"['地量', '均线粘合', '形态收敛', '低位']","['地量(均量31%)', '均线粘合(离散度0.53%)']"
000697,炼石航空,9.01,10,4,"['地量', '均线粘合', '形态收敛', '低位']","['地量(均量38%)', '均线粘合(离散度1.22%)']"
000727,冠捷科技,2.24,10,4,"['地量', '均线粘合', '形态收敛', '低位']","['地量(均量31%)', '均线粘合(离散度0.71%)']"
000751,锌业股份,4.63,10,4,"['地量', '均线粘合', '形态收敛', '低位']","['地量(均量24%)', '均线粘合(离散度2.86%)']"
000762,西藏矿业,21.86,10,4,"['地量', '均线粘合', '形态收敛', '低位']","['地量(均量25%)', '均线粘合(离散度2.38%)']"
000767,晋控电力,3.45,10,4,"['地量', '均线粘合', '形态收敛', '低位']","['地量(均量35%)', '均线粘合(离散度1.65%)']"
000777,中核科技,16.73,10,4,"['地量', '均线粘合', '形态收敛', '低位']","['筹码集中度51%', '地量(均量26%)', '均线粘合(离散度1.23%)']"
000899,赣能股份,9.37,10,4,"['地量', '均线粘合', '形态收敛', '低位']","['地量(均量28%)', '均线粘合(离散度2.66%)']"
000919,金陵药业,6.46,10,4,"['地量', '均线粘合', '形态收敛', '低位']","['筹码集中度46%', '地量(均量39%)', '均线粘合(离散度1.17%)']"
000960,锡业股份,33.6,10,4,"['地量', '均线粘合', '形态收敛', '低位']","['地量(均量29%)', '均线粘合(离散度2.75%)']"
000966,长源电力,4.06,10,4,"['地量', '均线粘合', '形态收敛', '低位']","['筹码集中度41%', '地量(均量40%)', '均线粘合(离散度0.36%)']"
000968,蓝焰控股,6.94,10,4,"['地量', '均线粘合', '形态收敛', '低位']","['筹码集中度50%', '地量(均量32%)', '均线粘合(离散度1.95%)']"
000969,安泰科技,17.26,10,4,"['地量', '均线粘合', '形态收敛', '低位']","['地量(均量35%)', '均线粘合(离散度1.79%)']"
000995,皇台酒业,10.84,10,4,"['地量', '均线粘合', '形态收敛', '低位']","['地量(均量27%)', '均线粘合(离散度2.48%)']"
001269,欧晶科技,18.83,10,4,"['地量', '均线粘合', '形态收敛', '低位']","['地量(均量35%)', '均线粘合(离散度1.13%)']"
001282,三联锻造,15.57,10,4,"['地量', '均线粘合', '形态收敛', '低位']","['地量(均量32%)', '均线粘合(离散度1.90%)']"
001382,新亚电缆,16.52,10,4,"['地量', '均线粘合', '形态收敛', '低位']","['筹码集中度43%', '地量(均量39%)', '均线粘合(离散度0.74%)']"
001896,豫能控股,12.11,10,5,"['地量', '均线粘合', '形态收敛', '低点抬高', '低位']","['地量(均量51%)', '均线粘合(离散度4.18%)']"
002023,海特高新,9.49,10,4,"['地量', '均线粘合', '形态收敛', '低位']","['地量(均量34%)', '均线粘合(离散度2.79%)']"
002039,黔源电力,19.31,10,4,"['地量', '均线粘合', '形态收敛', '低位']","['筹码集中度88%', '地量(均量40%)', '均线粘合(离散度0.21%)']"
002051,中工国际,8.86,10,4,"['地量', '均线粘合', '形态收敛', '低位']","['地量(均量37%)', '均线粘合(离散度1.63%)']"
002052,同洲电子,8.39,10,4,"['地量', '均线粘合', '形态收敛', '低位']","['筹码集中度52%', '地量(均量31%)', '均线粘合(离散度1.19%)']"
002063,远光软件,5.35,10,4,"['地量', '均线粘合', '形态收敛', '低位']","['筹码集中度51%', '地量(均量27%)', '均线粘合(离散度0.53%)']"
002096,易普力,9.16,10,5,"['地量', '均线粘合', '形态收敛', '低点抬高', '低位']","['筹码集中度58%', '地量(均量48%)', '均线粘合(离散度1.28%)']"
002112,三变科技,14.67,10,4,"['地量', '均线粘合', '形态收敛', '低位']","['地量(均量32%)', '均线粘合(离散度2.53%)']"
002153,石基信息,7.57,10,4,"['地量', '均线粘合', '形态收敛', '低位']","['筹码集中度50%', '地量(均量37%)', '均线粘合(离散度1.34%)']"
002160,常铝股份,3.91,10,4,"['地量', '均线粘合', '形态收敛', '低位']","['地量(均量29%)', '均线粘合(离散度1.85%)']"
002176,江特电机,8.53,10,4,"['地量', '均线粘合', '形态收敛', '低位']","['地量(均量25%)', '均线粘合(离散度1.26%)']"
002182,宝武镁业,11.55,10,4,"['地量', '均线粘合', '形态收敛', '低位']","['地量(均量33%)', '均线粘合(离散度2.80%)']"
002183,怡亚通,4.3,10,4,"['地量', '均线粘合', '形态收敛', '低位']","['地量(均量34%)', '均线粘合(离散度1.99%)']"
002195,岩山科技,6.16,10,4,"['地量', '均线粘合', '形态收敛', '低位']","['地量(均量40%)', '均线粘合(离散度1.70%)']"
002230,科大讯飞,38.48,10,4,"['地量', '均线粘合', '形态收敛', '低位']","['筹码集中度43%', '地量(均量36%)', '均线粘合(离散度1.82%)']"
002235,安妮股份,8.13,10,4,"['地量', '均线粘合', '形态收敛', '低位']","['地量(均量34%)', '均线粘合(离散度2.31%)']"
002245,蔚蓝锂芯,18.25,10,4,"['地量', '均线粘合', '形态收敛', '低点抬高']","['筹码集中度43%', '地量(均量45%)', '均线粘合(离散度0.65%)']"
002254,泰和新材,12.55,10,4,"['地量', '均线粘合', '形态收敛', '低位']","['地量(均量27%)', '均线粘合(离散度1.56%)']"
002255,海陆重工,7.68,10,4,"['地量', '均线粘合', '形态收敛', '低位']","['地量(均量33%)', '均线粘合(离散度2.92%)']"
002256,兆新股份,3.22,10,4,"['地量', '均线粘合', '形态收敛', '低位']","['地量(均量18%)', '均线粘合(离散度1.51%)']"
002270,华明装备,18.35,10,4,"['地量', '均线粘合', '形态收敛', '低位']","['地量(均量34%)', '均线粘合(离散度1.84%)']"
002302,西部建设,4.66,10,4,"['地量', '均线粘合', '形态收敛', '低位']","['筹码集中度60%', '地量(均量36%)', '均线粘合(离散度1.05%)']"
002309,中利集团,2.98,10,4,"['地量', '均线粘合', '形态收敛', '低位']","['地量(均量30%)', '均线粘合(离散度0.52%)']"
002310,东方新能,2.3,10,4,"['地量', '均线粘合', '形态收敛', '低位']","['地量(均量34%)', '均线粘合(离散度0.72%)']"
002334,英威腾,6.56,10,4,"['地量', '均线粘合', '形态收敛', '低位']","['地量(均量27%)', '均线粘合(离散度0.75%)']"
002342,巨力索具,7.88,10,4,"['地量', '均线粘合', '形态收敛', '低位']","['地量(均量24%)', '均线粘合(离散度2.20%)']"
002350,北京科锐,14.49,10,4,"['地量', '均线粘合', '形态收敛', '低位']","['筹码集中度78%', '地量(均量30%)', '均线粘合(离散度0.31%)']"
002358,森源电气,5.36,10,4,"['地量', '均线粘合', '形态收敛', '低位']","['筹码集中度45%', '地量(均量35%)', '均线粘合(离散度0.66%)']"
002366,融发核电,5.7,10,4,"['地量', '均线粘合', '形态收敛', '低位']","['筹码集中度49%', '地量(均量30%)', '均线粘合(离散度1.35%)']"
002370,亚太药业,5.23,10,4,"['地量', '均线粘合', '形态收敛', '低位']","['地量(均量39%)', '均线粘合(离散度1.69%)']"
002382,蓝帆医疗,5.85,10,4,"['地量', '均线粘合', '形态收敛', '低位']","['筹码集中度44%', '地量(均量34%)', '均线粘合(离散度1.31%)']"
002386,天原股份,5.87,10,4,"['地量', '均线粘合', '形态收敛', '低位']","['筹码集中度71%', '地量(均量36%)', '均线粘合(离散度0.40%)']"
002392,北京利尔,7.79,10,4,"['地量', '均线粘合', '形态收敛', '低位']","['筹码集中度52%', '地量(均量37%)', '均线粘合(离散度1.21%)']"
002413,雷科防务,8.23,10,4,"['地量', '均线粘合', '形态收敛', '低位']","['地量(均量36%)', '均线粘合(离散度1.14%)']"
002421,达实智能,3.17,10,4,"['地量', '均线粘合', '形态收敛', '低位']","['地量(均量28%)', '均线粘合(离散度1.27%)']"
002426,胜利精密,2.61,10,4,"['地量', '均线粘合', '形态收敛', '低位']","['地量(均量28%)', '均线粘合(离散度2.99%)']"
002427,尤夫股份,4.62,10,4,"['地量', '均线粘合', '形态收敛', '低位']","['筹码集中度58%', '地量(均量37%)', '均线粘合(离散度2.47%)']"
002429,兆驰股份,8.15,10,4,"['地量', '均线粘合', '形态收敛', '低位']","['地量(均量35%)', '均线粘合(离散度2.56%)']"
002438,江苏神通,13.46,10,4,"['地量', '均线粘合', '形态收敛', '低位']","['筹码集中度44%', '地量(均量39%)', '均线粘合(离散度1.01%)']"
002461,珠江啤酒,8.36,10,4,"['地量', '均线粘合', '形态收敛', '低位']","['筹码集中度46%', '地量(均量25%)', '均线粘合(离散度0.88%)']"
002476,新叶股份,4.86,10,4,"['地量', '均线粘合', '形态收敛', '低点抬高']","['筹码集中度49%', '地量(均量57%)', '均线粘合(离散度3.00%)']"
002480,新筑股份,5.23,10,4,"['地量', '均线粘合', '形态收敛', '低位']","['筹码集中度44%', '地量(均量28%)', '均线粘合(离散度0.95%)']"
002527,新时达,10.73,10,4,"['地量', '均线粘合', '形态收敛', '低位']","['地量(均量27%)', '均线粘合(离散度2.23%)']"
002530,金财互联,7.15,10,4,"['地量', '均线粘合', '形态收敛', '低位']","['筹码集中度61%', '地量(均量40%)', '均线粘合(离散度1.35%)']"
002533,金杯电工,10.95,10,4,"['地量', '均线粘合', '形态收敛', '低位']","['筹码集中度48%', '地量(均量26%)', '均线粘合(离散度0.94%)']"
002575,群兴玩具,5.15,10,4,"['地量', '均线粘合', '形态收敛', '低位']","['地量(均量19%)', '均线粘合(离散度1.36%)']"
002576,通达动力,14.17,10,4,"['地量', '均线粘合', '形态收敛', '低位']","['地量(均量33%)', '均线粘合(离散度0.84%)']"
002605,姚记科技,16.66,10,4,"['地量', '均线粘合', '形态收敛', '低位']","['筹码集中度41%', '地量(均量39%)', '均线粘合(离散度3.00%)']"
002606,大连电瓷,12.68,10,4,"['地量', '均线粘合', '形态收敛', '低位']","['地量(均量33%)', '均线粘合(离散度2.79%)']"
002633,申科股份,14.1,10,4,"['地量', '均线粘合', '形态收敛', '低位']","['地量(均量34%)', '均线粘合(离散度1.22%)']"
002635,安洁科技,14.94,10,4,"['地量', '均线粘合', '形态收敛', '低位']","['地量(均量36%)', '均线粘合(离散度2.34%)']"
002658,雪迪龙,7.36,10,4,"['地量', '均线粘合', '形态收敛', '低位']","['地量(均量27%)', '均线粘合(离散度0.84%)']"
002700,万憬能源,6.36,10,4,"['地量', '均线粘合', '形态收敛', '低位']","['地量(均量28%)', '均线粘合(离散度2.68%)']"
002725,跃岭股份,11.06,10,4,"['地量', '均线粘合', '形态收敛', '低位']","['地量(均量31%)', '均线粘合(离散度1.05%)']"
002729,好利科技,13.94,10,4,"['地量', '均线粘合', '形态收敛', '低位']","['地量(均量40%)', '均线粘合(离散度1.25%)']"
002810,山东赫达,20.95,10,4,"['地量', '均线粘合', '形态收敛', '低位']","['地量(均量18%)', '均线粘合(离散度0.84%)']"
002823,凯中精密,12.75,10,4,"['地量', '均线粘合', '形态收敛', '低位']","['地量(均量29%)', '均线粘合(离散度1.16%)']"
002831,裕同科技,28.12,10,4,"['地量', '均线粘合', '形态收敛', '低点抬高']","['筹码集中度75%', '地量(均量56%)', '均线粘合(离散度1.21%)']"
002866,传艺科技,14.51,10,4,"['地量', '均线粘合', '形态收敛', '低位']","['地量(均量21%)', '均线粘合(离散度1.18%)']"
002891,中宠股份,27.57,10,4,"['地量', '均线粘合', '形态收敛', '低位']","['筹码集中度46%', '地量(均量35%)', '均线粘合(离散度2.07%)']"
002895,川恒股份,30.79,10,4,"['地量', '均线粘合', '形态收敛', '低位']","['筹码集中度62%', '地量(均量31%)', '均线粘合(离散度1.84%)']"
002919,名臣健康,16.79,10,4,"['地量', '均线粘合', '形态收敛', '低位']","['地量(均量39%)', '均线粘合(离散度2.32%)']"
002941,新疆交建,10.54,10,4,"['地量', '均线粘合', '形态收敛', '低位']","['筹码集中度54%', '地量(均量37%)', '均线粘合(离散度1.98%)']"
002967,广电计量,17.12,10,4,"['地量', '均线粘合', '形态收敛', '低位']","['筹码集中度41%', '地量(均量28%)', '均线粘合(离散度0.76%)']"
003022,联泓新科,19.69,10,4,"['地量', '均线粘合', '形态收敛', '低位']","['地量(均量40%)', '均线粘合(离散度1.48%)']"
003025,思进智能,12.0,10,4,"['地量', '均线粘合', '形态收敛', '低位']","['地量(均量23%)', '均线粘合(离散度1.50%)']"
003027,同兴科技,16.06,10,4,"['地量', '均线粘合', '形态收敛', '低位']","['地量(均量24%)', '均线粘合(离散度1.47%)']"
300034,钢研高纳,15.91,10,4,"['地量', '均线粘合', '形态收敛', '低位']","['筹码集中度45%', '地量(均量35%)', '均线粘合(离散度0.70%)']"
300048,合康新能,4.86,10,4,"['地量', '均线粘合', '形态收敛', '低位']","['筹码集中度40%', '地量(均量28%)', '均线粘合(离散度1.10%)']"
300052,中青宝,10.26,10,4,"['地量', '均线粘合', '形态收敛', '低位']","['地量(均量36%)', '均线粘合(离散度2.27%)']"
300055,万邦达,5.9,10,4,"['地量', '均线粘合', '形态收敛', '低位']","['筹码集中度40%', '地量(均量37%)', '均线粘合(离散度0.97%)']"
300056,中创环保,7.81,10,4,"['地量', '均线粘合', '形态收敛', '低位']","['筹码集中度42%', '地量(均量32%)', '均线粘合(离散度2.06%)']"
300057,万顺新材,6.54,10,4,"['地量', '均线粘合', '形态收敛', '低位']","['地量(均量25%)', '均线粘合(离散度1.33%)']"
300066,三川智慧,4.65,10,4,"['地量', '均线粘合', '形态收敛', '低位']","['地量(均量25%)', '均线粘合(离散度2.94%)']"
300080,易成新能,3.73,10,4,"['地量', '均线粘合', '形态收敛', '低位']","['筹码集中度48%', '地量(均量38%)', '均线粘合(离散度1.08%)']"
300084,海默科技,10.22,10,4,"['地量', '均线粘合', '形态收敛', '低位']","['筹码集中度40%', '地量(均量20%)', '均线粘合(离散度2.49%)']"
300101,振芯科技,13.97,10,4,"['地量', '均线粘合', '形态收敛', '低位']","['地量(均量38%)', '均线粘合(离散度2.02%)']"
300127,银河磁体,24.03,10,4,"['地量', '均线粘合', '形态收敛', '低位']","['地量(均量28%)', '均线粘合(离散度1.54%)']"
300140,节能环境,5.36,10,4,"['地量', '均线粘合', '形态收敛', '低位']","['筹码集中度46%', '地量(均量32%)', '均线粘合(离散度0.60%)']"
300187,永清环保,4.55,10,4,"['地量', '均线粘合', '形态收敛', '低位']","['地量(均量32%)', '均线粘合(离散度1.32%)']"
300200,高盟新材,8.52,10,4,"['地量', '均线粘合', '形态收敛', '低位']","['地量(均量35%)', '均线粘合(离散度2.02%)']"
300217,东方电热,4.05,10,4,"['地量', '均线粘合', '形态收敛', '低位']","['地量(均量27%)', '均线粘合(离散度2.00%)']"
300219,鸿利智汇,6.88,10,4,"['地量', '均线粘合', '形态收敛', '低位']","['地量(均量37%)', '均线粘合(离散度1.88%)']"
300222,科大智能,10.18,10,4,"['地量', '均线粘合', '形态收敛', '低位']","['地量(均量36%)', '均线粘合(离散度1.97%)']"
300224,正海磁材,11.41,10,4,"['地量', '均线粘合', '形态收敛', '低位']","['地量(均量34%)', '均线粘合(离散度0.99%)']"
300232,洲明科技,5.39,10,4,"['地量', '均线粘合', '形态收敛', '低位']","['筹码集中度47%', '地量(均量33%)', '均线粘合(离散度1.38%)']"
300269,联建光电,4.63,10,4,"['地量', '均线粘合', '形态收敛', '低位']","['地量(均量37%)', '均线粘合(离散度1.61%)']"
300272,开能健康,5.63,10,4,"['地量', '均线粘合', '形态收敛', '低位']","['筹码集中度47%', '地量(均量31%)', '均线粘合(离散度1.20%)']"
300316,晶盛机电,42.72,10,4,"['地量', '均线粘合', '形态收敛', '低位']","['筹码集中度42%', '地量(均量37%)', '均线粘合(离散度2.58%)']"
300335,迪森股份,5.52,10,4,"['地量', '均线粘合', '形态收敛', '低位']","['筹码集中度48%', '地量(均量28%)', '均线粘合(离散度2.14%)']"
300349,金卡智能,10.03,10,4,"['地量', '均线粘合', '形态收敛', '低位']","['地量(均量37%)', '均线粘合(离散度1.20%)']"
300351,永贵电器,14.35,10,4,"['地量', '均线粘合', '形态收敛', '低位']","['地量(均量28%)', '均线粘合(离散度0.66%)']"
300397,天和防务,10.7,10,4,"['地量', '均线粘合', '形态收敛', '低位']","['地量(均量34%)', '均线粘合(离散度2.03%)']"
300402,宝色股份,14.63,10,4,"['地量', '均线粘合', '形态收敛', '低位']","['筹码集中度46%', '地量(均量37%)', '均线粘合(离散度1.45%)']"
300422,博世科,4.01,10,5,"['地量', '均线粘合', '形态收敛', '低点抬高', '低位']","['地量(均量51%)', '均线粘合(离散度2.11%)']"
300448,浩云科技,5.49,10,4,"['地量', '均线粘合', '形态收敛', '低位']","['地量(均量35%)', '均线粘合(离散度1.50%)']"
300449,汉邦高科,6.83,10,4,"['地量', '均线粘合', '形态收敛', '低位']","['地量(均量31%)', '均线粘合(离散度1.16%)']"
300471,厚普股份,9.94,10,4,"['地量', '均线粘合', '形态收敛', '低位']","['筹码集中度56%', '地量(均量39%)', '均线粘合(离散度1.38%)']"
300487,蓝晓科技,68.78,10,4,"['地量', '均线粘合', '形态收敛', '低点抬高']","['筹码集中度63%', '地量(均量52%)', '均线粘合(离散度1.98%)']"
300536,农尚环境,8.76,10,4,"['地量', '均线粘合', '形态收敛', '低位']","['筹码集中度47%', '地量(均量32%)', '均线粘合(离散度1.38%)']"
300557,理工光科,25.76,10,4,"['地量', '均线粘合', '形态收敛', '低位']","['筹码集中度41%', '地量(均量39%)', '均线粘合(离散度1.93%)']"
300596,利安隆,40.4,10,4,"['地量', '均线粘合', '形态收敛', '低位']","['筹码集中度56%', '地量(均量32%)', '均线粘合(离散度2.32%)']"
300608,思特奇,9.68,10,4,"['地量', '均线粘合', '形态收敛', '低位']","['地量(均量23%)', '均线粘合(离散度1.13%)']"
300629,新劲刚,17.86,10,4,"['地量', '均线粘合', '形态收敛', '低位']","['地量(均量34%)', '均线粘合(离散度0.47%)']"
300631,久吾高科,21.31,10,4,"['地量', '均线粘合', '形态收敛', '低位']","['地量(均量35%)', '均线粘合(离散度0.48%)']"
300650,太龙股份,12.24,10,4,"['地量', '均线粘合', '形态收敛', '低点抬高']","['地量(均量53%)', '均线粘合(离散度1.67%)']"
300658,延江股份,10.44,10,4,"['地量', '均线粘合', '形态收敛', '低位']","['地量(均量39%)', '均线粘合(离散度1.46%)']"
300693,盛弘股份,38.7,10,4,"['地量', '均线粘合', '形态收敛', '低位']","['地量(均量37%)', '均线粘合(离散度1.43%)']"
300710,万隆光电,30.16,10,4,"['地量', '均线粘合', '形态收敛', '低位']","['筹码集中度45%', '地量(均量39%)', '均线粘合(离散度1.95%)']"
300717,华信新材,17.83,10,4,"['地量', '均线粘合', '形态收敛', '低位']","['筹码集中度44%', '地量(均量35%)', '均线粘合(离散度2.92%)']"
300730,科创信息,11.17,10,4,"['地量', '均线粘合', '形态收敛', '低位']","['地量(均量28%)', '均线粘合(离散度2.22%)']"
300791,仙乐健康,17.3,10,5,"['地量', '均线粘合', '形态收敛', '低点抬高', '低位']","['筹码集中度80%', '地量(均量57%)', '均线粘合(离散度1.44%)']"
300838,浙江力诺,13.96,10,4,"['地量', '均线粘合', '形态收敛', '低位']","['筹码集中度45%', '地量(均量40%)', '均线粘合(离散度2.75%)']"
300871,回盛生物,21.39,10,4,"['地量', '均线粘合', '形态收敛', '低位']","['筹码集中度53%', '地量(均量37%)', '均线粘合(离散度1.51%)']"
300890,翔丰华,26.59,10,4,"['地量', '均线粘合', '形态收敛', '低位']","['地量(均量32%)', '均线粘合(离散度1.45%)']"
301023,奕帆传动,28.55,10,4,"['地量', '均线粘合', '形态收敛', '低位']","['筹码集中度40%', '地量(均量40%)', '均线粘合(离散度1.69%)']"
301029,怡合达,24.62,10,4,"['地量', '均线粘合', '形态收敛', '低位']","['地量(均量29%)', '均线粘合(离散度2.84%)']"
301069,凯盛新材,16.16,10,4,"['地量', '均线粘合', '形态收敛', '低位']","['地量(均量28%)', '均线粘合(离散度2.34%)']"
301079,邵阳液压,27.49,10,4,"['地量', '均线粘合', '形态收敛', '低位']","['地量(均量27%)', '均线粘合(离散度2.21%)']"
301118,恒光股份,22.99,10,4,"['地量', '均线粘合', '形态收敛', '低位']","['地量(均量38%)', '均线粘合(离散度1.19%)']"
301120,新特电气,14.89,10,4,"['地量', '均线粘合', '形态收敛', '低位']","['地量(均量31%)', '均线粘合(离散度0.88%)']"
301137,哈焊华通,31.9,10,4,"['地量', '均线粘合', '形态收敛', '低位']","['地量(均量36%)', '均线粘合(离散度1.13%)']"
301162,国能日新,36.06,10,4,"['地量', '均线粘合', '形态收敛', '低位']","['地量(均量39%)', '均线粘合(离散度3.00%)']"
301179,泽宇智能,20.37,10,4,"['地量', '均线粘合', '形态收敛', '低位']","['地量(均量30%)', '均线粘合(离散度1.11%)']"
301197,工大科雅,25.27,10,4,"['地量', '均线粘合', '形态收敛', '低位']","['地量(均量23%)', '均线粘合(离散度1.17%)']"
301213,观想科技,40.22,10,4,"['地量', '均线粘合', '形态收敛', '低位']","['地量(均量32%)', '均线粘合(离散度2.26%)']"
301238,瑞泰新材,16.15,10,4,"['地量', '均线粘合', '形态收敛', '低位']","['地量(均量37%)', '均线粘合(离散度2.45%)']"
301292,海科新源,61.49,10,4,"['地量', '均线粘合', '形态收敛', '低位']","['地量(均量34%)', '均线粘合(离散度1.98%)']"
301293,三博脑科,49.58,10,4,"['地量', '均线粘合', '形态收敛', '低位']","['地量(均量35%)', '均线粘合(离散度2.42%)']"
301499,维科精密,25.04,10,4,"['地量', '均线粘合', '形态收敛', '低位']","['地量(均量34%)', '均线粘合(离散度1.53%)']"
301501,恒鑫生活,27.31,10,4,"['地量', '均线粘合', '形态收敛', '低位']","['筹码集中度69%', '地量(均量39%)', '均线粘合(离散度0.92%)']"
301609,山大电力,31.97,10,4,"['地量', '均线粘合', '形态收敛', '低位']","['地量(均量38%)', '均线粘合(离散度2.12%)']"
301638,南网数字,22.06,10,4,"['地量', '均线粘合', '形态收敛', '低位']","['地量(均量29%)', '均线粘合(离散度2.05%)']"
600011,华能国际,6.8,9,4,"['地量', '均线粘合', '形态收敛', '低位']","['筹码集中度73%', '地量(均量28%)', '均线粘合(离散度0.64%)']"
600032,浙江新能,7.08,9,4,"['地量', '均线粘合', '形态收敛', '低位']","['地量(均量39%)', '均线粘合(离散度1.05%)']"
600056,中国医药,8.94,9,4,"['地量', '均线粘合', '形态收敛', '低位']","['筹码集中度51%', '地量(均量26%)', '均线粘合(离散度1.47%)']"
600058,五矿发展,9.01,9,4,"['地量', '均线粘合', '形态收敛', '低位']","['地量(均量32%)', '均线粘合(离散度3.50%)']"
600062,华润双鹤,15.87,9,4,"['地量', '均线粘合', '形态收敛', '低位']","['筹码集中度76%', '地量(均量52%)', '均线粘合(离散度0.78%)']"
600063,皖维高新,5.51,9,4,"['地量', '均线粘合', '形态收敛', '低位']","['地量(均量26%)', '均线粘合(离散度3.07%)']"
600072,中船科技,8.92,9,4,"['地量', '均线粘合', '形态收敛', '低位']","['筹码集中度45%', '地量(均量54%)', '均线粘合(离散度1.11%)']"
600100,同方股份,6.8,9,4,"['地量', '均线粘合', '形态收敛', '低位']","['筹码集中度49%', '地量(均量39%)', '均线粘合(离散度0.44%)']"
600111,北方稀土,36.86,9,4,"['地量', '均线粘合', '形态收敛', '低位']","['地量(均量36%)', '均线粘合(离散度3.74%)']"
600116,三峡水利,6.18,9,3,"['地量', '均线粘合', '形态收敛']","['筹码集中度86%', '地量(均量33%)', '均线粘合(离散度0.41%)']"
600120,浙江东方,4.73,9,4,"['地量', '均线粘合', '形态收敛', '低位']","['筹码集中度72%', '地量(均量45%)', '均线粘合(离散度1.32%)']"
600123,兰花科创,6.96,9,3,"['地量', '均线粘合', '形态收敛']","['筹码集中度82%', '地量(均量38%)', '均线粘合(离散度2.35%)']"
600126,杭钢股份,6.18,9,4,"['地量', '均线粘合', '形态收敛', '低位']","['地量(均量22%)', '均线粘合(离散度1.78%)']"
600130,波导股份,4.43,9,3,"['地量', '均线粘合', '形态收敛']","['筹码集中度42%', '地量(均量31%)', '均线粘合(离散度2.57%)']"
600149,廊坊发展,4.93,9,4,"['地量', '均线粘合', '形态收敛', '低位']","['地量(均量26%)', '均线粘合(离散度2.14%)']"
600151,航天机电,9.74,9,4,"['地量', '均线粘合', '形态收敛', '低位']","['地量(均量46%)', '均线粘合(离散度1.64%)']"
600173,卧龙新能,5.89,9,4,"['地量', '均线粘合', '形态收敛', '低位']","['地量(均量26%)', '均线粘合(离散度1.51%)']"
600198,大唐电信,7.58,9,4,"['地量', '均线粘合', '形态收敛', '低位']","['地量(均量52%)', '均线粘合(离散度0.70%)']"
600199,金种子酒,7.01,9,4,"['地量', '均线粘合', '形态收敛', '低位']","['筹码集中度50%', '地量(均量55%)', '均线粘合(离散度1.39%)']"
600203,福日电子,10.1,9,4,"['地量', '均线粘合', '形态收敛', '低位']","['地量(均量54%)', '均线粘合(离散度2.22%)']"
600216,浙江医药,12.55,9,4,"['地量', '均线粘合', '形态收敛', '低位']","['筹码集中度64%', '地量(均量44%)', '均线粘合(离散度0.79%)']"
600230,沧州大化,13.62,9,4,"['地量', '均线粘合', '形态收敛', '低位']","['筹码集中度50%', '地量(均量39%)', '均线粘合(离散度2.16%)']"
600259,中稀有色,81.37,9,4,"['地量', '均线粘合', '形态收敛', '低位']","['地量(均量43%)', '均线粘合(离散度1.79%)']"
600269,赣粤高速,3.81,9,4,"['均线粘合', '形态收敛', '低点抬高', '低位']","['筹码集中度76%', '均线粘合(离散度0.99%)']"
600285,羚锐制药,19.11,9,4,"['地量', '均线粘合', '形态收敛', '低位']","['筹码集中度62%', '地量(均量35%)', '均线粘合(离散度3.59%)']"
600312,平高电气,19.49,9,3,"['地量', '均线粘合', '形态收敛']","['筹码集中度76%', '地量(均量38%)', '均线粘合(离散度1.15%)']"
600332,白云山,19.52,9,4,"['地量', '均线粘合', '形态收敛', '低位']","['筹码集中度55%', '地量(均量44%)', '均线粘合(离散度2.38%)']"
600338,西藏珠峰,12.63,9,4,"['地量', '均线粘合', '形态收敛', '低位']","['地量(均量31%)', '均线粘合(离散度2.44%)']"
600339,中油工程,3.3,9,4,"['地量', '均线粘合', '形态收敛', '低位']","['筹码集中度48%', '地量(均量34%)', '均线粘合(离散度1.01%)']"
600343,航天动力,21.67,9,4,"['均线粘合', '形态收敛', '低点抬高', '低位']",['均线粘合(离散度2.74%)']
600406,国电南瑞,22.05,9,4,"['地量', '均线粘合', '形态收敛', '低位']","['筹码集中度46%', '地量(均量26%)', '均线粘合(离散度1.79%)']"
600416,湘电股份,8.52,9,4,"['地量', '均线粘合', '形态收敛', '低位']","['地量(均量42%)', '均线粘合(离散度1.61%)']"
600429,三元股份,4.58,9,4,"['地量', '均线粘合', '形态收敛', '低位']","['筹码集中度51%', '地量(均量45%)', '均线粘合(离散度1.99%)']"
600433,冠豪高新,3.31,9,4,"['地量', '均线粘合', '形态收敛', '低位']","['筹码集中度41%', '地量(均量33%)', '均线粘合(离散度0.96%)']"
600438,通威股份,11.35,9,4,"['地量', '均线粘合', '形态收敛', '低位']","['地量(均量45%)', '均线粘合(离散度1.77%)']"
600458,时代新材,11.37,9,4,"['地量', '均线粘合', '形态收敛', '低位']","['筹码集中度48%', '地量(均量51%)', '均线粘合(离散度1.63%)']"
600459,贵研铂业,19.23,9,4,"['地量', '均线粘合', '形态收敛', '低位']","['地量(均量31%)', '均线粘合(离散度3.16%)']"
600461,洪城环境,8.95,9,4,"['均线粘合', '形态收敛', '低点抬高', '低位']","['筹码集中度93%', '均线粘合(离散度0.28%)']"
600470,六国化工,5.69,9,4,"['地量', '均线粘合', '形态收敛', '低位']","['筹码集中度46%', '地量(均量31%)', '均线粘合(离散度2.33%)']"
600475,华光环能,14.87,9,3,"['地量', '均线粘合', '形态收敛']","['筹码集中度56%', '地量(均量33%)', '均线粘合(离散度1.71%)']"
600478,科力远,4.62,9,4,"['地量', '均线粘合', '形态收敛', '低位']","['地量(均量40%)', '均线粘合(离散度1.36%)']"
600483,福能股份,11.01,9,3,"['地量', '均线粘合', '形态收敛']","['筹码集中度82%', '地量(均量30%)', '均线粘合(离散度1.49%)']"
600487,亨通光电,69.49,9,4,"['均线粘合', '形态收敛', '低点抬高', '低位']",['均线粘合(离散度0.47%)']
600495,晋西车轴,4.05,9,3,"['地量', '均线粘合', '形态收敛']","['筹码集中度61%', '地量(均量36%)', '均线粘合(离散度2.09%)']"
600497,驰宏锌锗,9.56,9,3,"['地量', '均线粘合', '形态收敛']","['筹码集中度67%', '地量(均量37%)', '均线粘合(离散度1.85%)']"
600510,黑牡丹,6.53,9,4,"['地量', '均线粘合', '形态收敛', '低位']","['地量(均量32%)', '均线粘合(离散度2.17%)']"
600518,康美药业,1.35,9,4,"['地量', '均线粘合', '形态收敛', '低位']","['筹码集中度66%', '地量(均量51%)', '均线粘合(离散度1.01%)']"
600522,中天科技,35.98,9,4,"['均线粘合', '形态收敛', '低点抬高', '低位']",['均线粘合(离散度2.69%)']
600573,惠泉啤酒,9.7,9,4,"['地量', '均线粘合', '形态收敛', '低位']","['地量(均量32%)', '均线粘合(离散度1.51%)']"
600575,淮河能源,3.24,9,4,"['地量', '均线粘合', '形态收敛', '低位']","['筹码集中度56%', '地量(均量48%)', '均线粘合(离散度0.47%)']"
600592,龙溪股份,14.64,9,4,"['地量', '均线粘合', '形态收敛', '低位']","['筹码集中度48%', '地量(均量52%)', '均线粘合(离散度1.61%)']"
600595,中孚实业,6.1,9,4,"['均线粘合', '形态收敛', '低点抬高', '低位']","['筹码集中度62%', '均线粘合(离散度1.23%)']"
600600,青岛啤酒,50.06,9,4,"['地量', '均线粘合', '形态收敛', '低位']","['筹码集中度49%', '地量(均量52%)', '均线粘合(离散度1.26%)']"
600602,云赛智联,17.08,9,4,"['地量', '均线粘合', '形态收敛', '低位']","['地量(均量26%)', '均线粘合(离散度2.30%)']"
600673,东阳光,32.12,9,3,"['地量', '均线粘合', '形态收敛']","['筹码集中度49%', '地量(均量31%)', '均线粘合(离散度1.74%)']"
600683,京投发展,9.64,9,4,"['地量', '均线粘合', '形态收敛', '低位']","['地量(均量49%)', '均线粘合(离散度1.89%)']"
600703,三安光电,12.98,9,4,"['地量', '均线粘合', '形态收敛', '低位']","['地量(均量38%)', '均线粘合(离散度4.06%)']"
600708,光明地产,3.04,9,4,"['地量', '均线粘合', '形态收敛', '低位']","['筹码集中度66%', '地量(均量51%)', '均线粘合(离散度1.51%)']"
600720,中交设计,5.18,9,4,"['地量', '均线粘合', '形态收敛', '低位']","['筹码集中度68%', '地量(均量57%)', '均线粘合(离散度0.80%)']"
600728,佳都科技,4.51,9,4,"['地量', '均线粘合', '形态收敛', '低位']","['筹码集中度63%', '地量(均量46%)', '均线粘合(离散度1.06%)']"
600748,上实发展,3.86,9,4,"['地量', '均线粘合', '形态收敛', '低位']","['筹码集中度44%', '地量(均量52%)', '均线粘合(离散度0.94%)']"
600750,华润江中,22.24,9,4,"['地量', '均线粘合', '形态收敛', '低位']","['筹码集中度68%', '地量(均量58%)', '均线粘合(离散度2.33%)']"
600761,安徽合力,15.46,9,4,"['地量', '均线粘合', '形态收敛', '低位']","['筹码集中度46%', '地量(均量37%)', '均线粘合(离散度2.26%)']"
600773,西藏城投,10.05,9,4,"['地量', '均线粘合', '形态收敛', '低位']","['地量(均量32%)', '均线粘合(离散度3.47%)']"
600791,京能置业,6.96,9,4,"['地量', '均线粘合', '形态收敛', '低位']","['地量(均量42%)', '均线粘合(离散度2.72%)']"
600794,保税科技,3.21,9,4,"['地量', '均线粘合', '形态收敛', '低点抬高']","['筹码集中度73%', '地量(均量59%)', '均线粘合(离散度1.65%)']"
600800,渤海化学,3.27,9,4,"['地量', '均线粘合', '形态收敛', '低位']","['筹码集中度40%', '地量(均量40%)', '均线粘合(离散度2.03%)']"
600810,神马股份,6.31,9,4,"['地量', '均线粘合', '形态收敛', '低位']","['筹码集中度60%', '地量(均量23%)', '均线粘合(离散度1.24%)']"
600839,四川长虹,6.7,9,4,"['地量', '均线粘合', '形态收敛', '低位']","['筹码集中度64%', '地量(均量35%)', '均线粘合(离散度1.26%)']"
600843,上工申贝,6.88,9,4,"['地量', '均线粘合', '形态收敛', '低位']","['地量(均量41%)', '均线粘合(离散度1.39%)']"
600851,海欣股份,8.27,9,3,"['地量', '均线粘合', '形态收敛']","['筹码集中度84%', '地量(均量34%)', '均线粘合(离散度0.76%)']"
600862,中航高科,17.98,9,4,"['地量', '均线粘合', '形态收敛', '低位']","['筹码集中度70%', '地量(均量38%)', '均线粘合(离散度0.74%)']"
600868,梅雁吉祥,2.83,9,4,"['地量', '均线粘合', '形态收敛', '低位']","['筹码集中度40%', '地量(均量44%)', '均线粘合(离散度2.14%)']"
600882,妙可蓝多,19.12,9,3,"['地量', '均线粘合', '形态收敛']","['筹码集中度68%', '地量(均量34%)', '均线粘合(离散度2.47%)']"
600888,新疆众和,9.97,9,4,"['地量', '均线粘合', '形态收敛', '低位']","['筹码集中度42%', '地量(均量45%)', '均线粘合(离散度2.61%)']"
600960,渤海汽车,3.9,9,4,"['地量', '均线粘合', '形态收敛', '低位']","['筹码集中度56%', '地量(均量58%)', '均线粘合(离散度0.91%)']"
600970,中材国际,7.7,9,4,"['地量', '均线粘合', '形态收敛', '低位']","['筹码集中度60%', '地量(均量52%)', '均线粘合(离散度0.52%)']"
600976,健民集团,26.44,9,4,"['地量', '均线粘合', '形态收敛', '低位']","['筹码集中度53%', '地量(均量23%)', '均线粘合(离散度2.14%)']"
600980,北矿科技,18.86,9,3,"['地量', '均线粘合', '形态收敛']","['筹码集中度49%', '地量(均量38%)', '均线粘合(离散度1.63%)']"
600983,惠而浦,7.36,9,4,"['地量', '均线粘合', '形态收敛', '低位']","['筹码集中度44%', '地量(均量31%)', '均线粘合(离散度1.26%)']"
600990,四创电子,18.06,9,4,"['地量', '均线粘合', '形态收敛', '低位']","['筹码集中度64%', '地量(均量41%)', '均线粘合(离散度1.21%)']"
601002,晋亿实业,5.24,9,3,"['地量', '均线粘合', '形态收敛']","['筹码集中度51%', '地量(均量32%)', '均线粘合(离散度2.08%)']"
601006,大秦铁路,4.7,9,4,"['地量', '均线粘合', '形态收敛', '低位']","['筹码集中度83%', '地量(均量58%)', '均线粘合(离散度0.29%)']"
601020,华钰矿业,21.44,9,4,"['地量', '均线粘合', '形态收敛', '低位']","['地量(均量48%)', '均线粘合(离散度1.99%)']"
601139,深圳燃气,6.34,9,3,"['地量', '均线粘合', '形态收敛']","['筹码集中度88%', '地量(均量30%)', '均线粘合(离散度0.99%)']"
601179,中国西电,12.23,9,4,"['地量', '均线粘合', '形态收敛', '低位']","['地量(均量27%)', '均线粘合(离散度3.02%)']"
601186,中国铁建,6.03,9,3,"['地量', '均线粘合', '形态收敛']","['筹码集中度91%', '地量(均量35%)', '均线粘合(离散度0.30%)']"
601200,上海环境,6.83,9,4,"['地量', '均线粘合', '形态收敛', '低位']","['筹码集中度61%', '地量(均量50%)', '均线粘合(离散度0.46%)']"
601390,中国中铁,4.3,9,4,"['地量', '均线粘合', '形态收敛', '低位']","['筹码集中度65%', '地量(均量45%)', '均线粘合(离散度0.61%)']"
601399,国机重装,3.2,9,4,"['地量', '均线粘合', '形态收敛', '低位']","['筹码集中度46%', '地量(均量43%)', '均线粘合(离散度0.43%)']"
601515,衢州东峰,3.29,9,4,"['地量', '均线粘合', '形态收敛', '低位']","['地量(均量32%)', '均线粘合(离散度0.82%)']"
601600,中国铝业,9.35,9,4,"['地量', '均线粘合', '形态收敛', '低位']","['筹码集中度45%', '地量(均量50%)', '均线粘合(离散度1.76%)']"
601608,中信重工,4.73,9,4,"['地量', '均线粘合', '形态收敛', '低位']","['筹码集中度57%', '地量(均量46%)', '均线粘合(离散度0.61%)']"
601616,广电电气,3.81,9,3,"['地量', '均线粘合', '形态收敛']","['筹码集中度47%', '地量(均量30%)', '均线粘合(离散度2.27%)']"
601777,千里科技,7.8,9,4,"['地量', '均线粘合', '形态收敛', '低位']","['地量(均量40%)', '均线粘合(离散度0.80%)']"
601798,蓝科高新,7.45,9,4,"['地量', '均线粘合', '形态收敛', '低位']","['筹码集中度68%', '地量(均量40%)', '均线粘合(离散度1.42%)']"
601800,中国交建,5.84,9,4,"['地量', '均线粘合', '形态收敛', '低位']","['筹码集中度74%', '地量(均量48%)', '均线粘合(离散度0.82%)']"
601866,中远海发,2.47,9,4,"['地量', '均线粘合', '形态收敛', '低点抬高']","['筹码集中度74%', '地量(均量51%)', '均线粘合(离散度1.36%)']"
601868,中国能建,2.43,9,4,"['地量', '均线粘合', '形态收敛', '低位']","['地量(均量20%)', '均线粘合(离散度1.29%)']"
601881,中国银河,12.08,9,4,"['地量', '均线粘合', '形态收敛', '低位']","['筹码集中度98%', '地量(均量41%)', '均线粘合(离散度1.23%)']"
601965,中国汽研,13.16,9,4,"['地量', '均线粘合', '形态收敛', '低位']","['筹码集中度49%', '地量(均量46%)', '均线粘合(离散度1.32%)']"
601969,海南矿业,9.27,9,3,"['地量', '均线粘合', '形态收敛']","['筹码集中度52%', '地量(均量30%)', '均线粘合(离散度2.25%)']"
603006,联明股份,10.64,9,4,"['地量', '均线粘合', '形态收敛', '低位']","['地量(均量52%)', '均线粘合(离散度2.72%)']"
603007,顺景科技,4.69,9,4,"['地量', '均线粘合', '形态收敛', '低位']","['地量(均量32%)', '均线粘合(离散度2.26%)']"
603014,威高血净,31.23,9,4,"['地量', '均线粘合', '形态收敛', '低位']","['筹码集中度56%', '地量(均量47%)', '均线粘合(离散度1.99%)']"
603026,石大胜华,61.15,9,4,"['地量', '均线粘合', '形态收敛', '低位']","['地量(均量24%)', '均线粘合(离散度3.41%)']"
603027,千禾味业,7.28,9,4,"['地量', '均线粘合', '形态收敛', '低位']","['筹码集中度71%', '地量(均量58%)', '均线粘合(离散度0.63%)']"
603028,赛福天,6.75,9,4,"['地量', '均线粘合', '形态收敛', '低位']","['筹码集中度41%', '地量(均量47%)', '均线粘合(离散度1.85%)']"
603053,成都燃气,8.72,9,3,"['地量', '均线粘合', '形态收敛']","['筹码集中度87%', '地量(均量32%)', '均线粘合(离散度0.53%)']"
603060,国检集团,5.38,9,4,"['地量', '均线粘合', '形态收敛', '低位']","['地量(均量26%)', '均线粘合(离散度0.74%)']"
603062,麦加芯彩,36.52,9,4,"['地量', '均线粘合', '形态收敛', '低位']","['地量(均量28%)', '均线粘合(离散度1.64%)']"
603063,禾望电气,30.78,9,4,"['地量', '均线粘合', '形态收敛', '低位']","['地量(均量39%)', '均线粘合(离散度4.87%)']"
603071,物产环能,12.32,9,3,"['地量', '均线粘合', '形态收敛']","['筹码集中度72%', '地量(均量39%)', '均线粘合(离散度1.40%)']"
603076,乐惠国际,19.58,9,4,"['地量', '均线粘合', '形态收敛', '低位']","['地量(均量30%)', '均线粘合(离散度1.74%)']"
603085,天成自控,9.9,9,4,"['地量', '均线粘合', '形态收敛', '低位']","['地量(均量52%)', '均线粘合(离散度0.73%)']"
603088,宁波精达,10.29,9,3,"['地量', '均线粘合', '形态收敛']","['筹码集中度41%', '地量(均量30%)', '均线粘合(离散度2.82%)']"
603097,江苏华辰,18.5,9,3,"['地量', '均线粘合', '形态收敛']","['筹码集中度54%', '地量(均量33%)', '均线粘合(离散度1.28%)']"
603124,江南新材,132.58,9,4,"['均线粘合', '形态收敛', '低点抬高', '低位']","['筹码集中度54%', '均线粘合(离散度1.78%)']"
603195,公牛集团,38.0,9,4,"['地量', '均线粘合', '形态收敛', '低位']","['筹码集中度85%', '地量(均量52%)', '均线粘合(离散度0.96%)']"
603198,迎驾贡酒,37.77,9,3,"['地量', '均线粘合', '形态收敛']","['筹码集中度67%', '地量(均量32%)', '均线粘合(离散度2.40%)']"
603201,常润股份,15.14,9,4,"['地量', '均线粘合', '形态收敛', '低位']","['筹码集中度61%', '地量(均量48%)', '均线粘合(离散度1.05%)']"
603219,富佳股份,12.78,9,4,"['地量', '均线粘合', '形态收敛', '低位']","['地量(均量36%)', '均线粘合(离散度3.26%)']"
603284,林平发展,41.17,9,4,"['地量', '均线粘合', '形态收敛', '低位']","['筹码集中度54%', '地量(均量56%)', '均线粘合(离散度1.30%)']"
603288,海天味业,33.85,9,4,"['地量', '均线粘合', '形态收敛', '低位']","['筹码集中度72%', '地量(均量48%)', '均线粘合(离散度1.47%)']"
603310,巍华新材,14.83,9,4,"['地量', '均线粘合', '形态收敛', '低位']","['筹码集中度67%', '地量(均量41%)', '均线粘合(离散度0.28%)']"
603312,西典新能,31.64,9,4,"['地量', '均线粘合', '形态收敛', '低位']","['筹码集中度40%', '地量(均量37%)', '均线粘合(离散度0.99%)']"
603315,福鞍股份,10.84,9,4,"['地量', '均线粘合', '形态收敛', '低位']","['地量(均量29%)', '均线粘合(离散度4.49%)']"
603341,龙旗科技,35.47,9,4,"['地量', '均线粘合', '形态收敛', '低位']","['筹码集中度63%', '地量(均量35%)', '均线粘合(离散度2.84%)']"
603356,华菱精工,17.01,9,3,"['地量', '均线粘合', '形态收敛']","['筹码集中度69%', '地量(均量32%)', '均线粘合(离散度2.06%)']"
603383,顶点软件,27.03,9,4,"['地量', '均线粘合', '形态收敛', '低位']","['筹码集中度46%', '地量(均量34%)', '均线粘合(离散度2.17%)']"
603416,信捷电气,46.85,9,4,"['地量', '均线粘合', '形态收敛', '低位']","['地量(均量50%)', '均线粘合(离散度2.72%)']"
603496,恒为科技,23.59,9,4,"['地量', '均线粘合', '形态收敛', '低位']","['筹码集中度53%', '地量(均量58%)', '均线粘合(离散度2.39%)']"
603567,珍宝岛,5.3,9,4,"['地量', '均线粘合', '形态收敛', '低位']","['地量(均量51%)', '均线粘合(离散度2.96%)']"
603586,金麒麟,13.53,9,4,"['地量', '均线粘合', '形态收敛', '低位']","['地量(均量35%)', '均线粘合(离散度1.47%)']"
603612,索通发展,16.6,9,4,"['地量', '均线粘合', '形态收敛', '低位']","['筹码集中度44%', '地量(均量56%)', '均线粘合(离散度0.84%)']"
603616,韩建河山,5.5,9,3,"['地量', '均线粘合', '形态收敛']","['筹码集中度43%', '地量(均量25%)', '均线粘合(离散度2.13%)']"
603636,南威软件,6.62,9,4,"['地量', '均线粘合', '形态收敛', '低位']","['地量(均量41%)', '均线粘合(离散度1.85%)']"
603722,阿科力,28.95,9,4,"['地量', '均线粘合', '形态收敛', '低位']","['地量(均量38%)', '均线粘合(离散度3.56%)']"
603726,朗迪集团,24.2,9,4,"['地量', '均线粘合', '形态收敛', '低位']","['筹码集中度51%', '地量(均量45%)', '均线粘合(离散度2.87%)']"
603727,博迈科,17.6,9,3,"['地量', '均线粘合', '形态收敛']","['筹码集中度63%', '地量(均量34%)', '均线粘合(离散度1.09%)']"
603767,中马传动,13.41,9,4,"['地量', '均线粘合', '形态收敛', '低位']","['地量(均量40%)', '均线粘合(离散度2.63%)']"
603776,永安行,19.61,9,3,"['地量', '均线粘合', '形态收敛']","['筹码集中度79%', '地量(均量30%)', '均线粘合(离散度1.24%)']"
603779,威龙股份,8.24,9,4,"['地量', '均线粘合', '形态收敛', '低位']","['筹码集中度58%', '地量(均量38%)', '均线粘合(离散度1.90%)']"
603808,歌力思,8.6,9,3,"['地量', '均线粘合', '形态收敛']","['地量(均量36%)', '均线粘合(离散度2.60%)']"
603826,坤彩科技,16.47,9,4,"['均线粘合', '形态收敛', '低点抬高', '低位']",['均线粘合(离散度0.84%)']
603829,洛凯股份,15.57,9,4,"['地量', '均线粘合', '形态收敛', '低位']","['地量(均量42%)', '均线粘合(离散度1.29%)']"
603859,能科科技,38.65,9,4,"['地量', '均线粘合', '形态收敛', '低位']","['地量(均量45%)', '均线粘合(离散度2.53%)']"
603887,城地香江,8.89,9,4,"['地量', '均线粘合', '形态收敛', '低位']","['筹码集中度45%', '地量(均量49%)', '均线粘合(离散度2.07%)']"
603896,寿仙谷,14.11,9,4,"['地量', '均线粘合', '形态收敛', '低位']","['筹码集中度59%', '地量(均量40%)', '均线粘合(离散度1.53%)']"
603898,好莱客,10.89,9,4,"['地量', '均线粘合', '形态收敛', '低位']","['地量(均量35%)', '均线粘合(离散度3.25%)']"
603906,龙蟠科技,18.29,9,4,"['地量', '均线粘合', '形态收敛', '低位']","['地量(均量20%)', '均线粘合(离散度4.83%)']"
603909,建发合诚,9.61,9,4,"['地量', '均线粘合', '形态收敛', '低位']","['地量(均量53%)', '均线粘合(离散度2.32%)']"
603915,国茂股份,13.07,9,4,"['地量', '均线粘合', '形态收敛', '低位']","['地量(均量35%)', '均线粘合(离散度1.50%)']"
603916,苏博特,10.83,9,4,"['地量', '均线粘合', '形态收敛', '低位']","['地量(均量44%)', '均线粘合(离散度2.02%)']"
603919,金徽酒,16.22,9,4,"['地量', '均线粘合', '形态收敛', '低位']","['筹码集中度55%', '地量(均量27%)', '均线粘合(离散度2.10%)']"
603988,中电电机,18.36,9,3,"['地量', '均线粘合', '形态收敛']","['地量(均量32%)', '均线粘合(离散度1.95%)']"
605005,合兴股份,16.36,9,4,"['地量', '均线粘合', '形态收敛', '低位']","['筹码集中度42%', '地量(均量52%)', '均线粘合(离散度1.30%)']"
605016,百龙创园,20.65,9,4,"['地量', '均线粘合', '形态收敛', '低位']","['地量(均量43%)', '均线粘合(离散度1.69%)']"
605018,长华集团,11.52,9,4,"['地量', '均线粘合', '形态收敛', '低位']","['地量(均量19%)', '均线粘合(离散度3.35%)']"
605066,天正电气,6.75,9,3,"['地量', '均线粘合', '形态收敛']","['筹码集中度54%', '地量(均量40%)', '均线粘合(离散度1.42%)']"
605088,冠盛股份,24.2,9,4,"['均线粘合', '形态收敛', '低点抬高', '低位']",['均线粘合(离散度2.62%)']
605123,派克新材,80.82,9,4,"['地量', '均线粘合', '形态收敛', '低位']","['地量(均量46%)', '均线粘合(离散度0.94%)']"
605186,健麾信息,25.49,9,3,"['地量', '均线粘合', '形态收敛']","['筹码集中度50%', '地量(均量22%)', '均线粘合(离散度2.78%)']"
605189,富春染织,14.05,9,4,"['地量', '均线粘合', '形态收敛', '低位']","['筹码集中度45%', '地量(均量58%)', '均线粘合(离散度2.40%)']"
605208,永茂泰,14.64,9,3,"['地量', '均线粘合', '形态收敛']","['筹码集中度64%', '地量(均量39%)', '均线粘合(离散度0.45%)']"
605222,起帆电缆,22.39,9,5,"['地量', '均线粘合', '形态收敛', '低点抬高', '低位']","['地量(均量46%)', '均线粘合(离散度4.03%)']"
605228,神通科技,10.7,9,4,"['地量', '均线粘合', '形态收敛', '低位']","['地量(均量36%)', '均线粘合(离散度3.92%)']"
605259,绿田机械,17.33,9,4,"['地量', '均线粘合', '形态收敛', '低位']","['筹码集中度59%', '地量(均量31%)', '均线粘合(离散度0.81%)']"
605318,法狮龙,79.07,9,4,"['地量', '均线粘合', '形态收敛', '低位']","['地量(均量49%)', '均线粘合(离散度2.98%)']"
605337,李子园,8.9,9,4,"['地量', '均线粘合', '形态收敛', '低位']","['筹码集中度69%', '地量(均量57%)', '均线粘合(离散度1.53%)']"
605366,宏柏新材,8.45,9,4,"['地量', '均线粘合', '形态收敛', '低位']","['地量(均量48%)', '均线粘合(离散度2.41%)']"
605388,均瑶健康,5.85,9,4,"['地量', '均线粘合', '形态收敛', '低位']","['地量(均量33%)', '均线粘合(离散度3.11%)']"
605399,晨光新材,11.3,9,3,"['地量', '均线粘合', '形态收敛']","['地量(均量26%)', '均线粘合(离散度0.41%)']"
605588,冠石科技,47.1,9,4,"['地量', '均线粘合', '形态收敛', '低位']","['地量(均量58%)', '均线粘合(离散度2.71%)']"
688055,龙腾光电,3.73,9,4,"['地量', '均线粘合', '形态收敛', '低位']","['地量(均量24%)', '均线粘合(离散度3.85%)']"
688063,派能科技,41.69,9,4,"['地量', '均线粘合', '形态收敛', '低位']","['地量(均量39%)', '均线粘合(离散度3.30%)']"
688069,德林海,36.71,9,3,"['地量', '均线粘合', '形态收敛']","['筹码集中度52%', '地量(均量31%)', '均线粘合(离散度1.63%)']"
688080,映翰通,37.29,9,4,"['地量', '均线粘合', '形态收敛', '低位']","['地量(均量53%)', '均线粘合(离散度0.64%)']"
688083,中望软件,51.18,9,3,"['地量', '均线粘合', '形态收敛']","['筹码集中度46%', '地量(均量28%)', '均线粘合(离散度1.35%)']"
688091,上海谊众,39.83,9,4,"['地量', '均线粘合', '形态收敛', '低位']","['筹码集中度47%', '地量(均量38%)', '均线粘合(离散度1.12%)']"
688101,三达膜,14.52,9,4,"['地量', '均线粘合', '形态收敛', '低位']","['地量(均量31%)', '均线粘合(离散度3.15%)']"
688116,天奈科技,34.15,9,4,"['地量', '均线粘合', '形态收敛', '低位']","['地量(均量40%)', '均线粘合(离散度0.61%)']"
688119,中钢洛耐,3.81,9,4,"['地量', '均线粘合', '形态收敛', '低位']","['地量(均量52%)', '均线粘合(离散度2.04%)']"
688122,西部超导,50.04,9,4,"['地量', '均线粘合', '形态收敛', '低位']","['地量(均量44%)', '均线粘合(离散度1.59%)']"
688129,东来技术,21.7,9,4,"['地量', '均线粘合', '形态收敛', '低位']","['地量(均量43%)', '均线粘合(离散度0.93%)']"
688157,松井股份,18.79,9,4,"['地量', '均线粘合', '形态收敛', '低位']","['筹码集中度43%', '地量(均量58%)', '均线粘合(离散度0.96%)']"
688158,优刻得,29.71,9,4,"['地量', '均线粘合', '形态收敛', '低位']","['地量(均量37%)', '均线粘合(离散度4.35%)']"
688162,巨一科技,24.35,9,4,"['地量', '均线粘合', '形态收敛', '低位']","['地量(均量59%)', '均线粘合(离散度1.65%)']"
688163,赛伦生物,36.06,9,3,"['地量', '均线粘合', '形态收敛']","['筹码集中度51%', '地量(均量38%)', '均线粘合(离散度0.58%)']"
688187,时代电气,45.73,9,4,"['地量', '均线粘合', '形态收敛', '低位']","['地量(均量27%)', '均线粘合(离散度3.21%)']"
688188,柏楚电子,95.37,9,4,"['地量', '均线粘合', '形态收敛', '低位']","['筹码集中度50%', '地量(均量55%)', '均线粘合(离散度1.94%)']"
688190,云路股份,71.99,9,4,"['地量', '均线粘合', '形态收敛', '低位']","['地量(均量50%)', '均线粘合(离散度2.05%)']"
688208,道通科技,24.88,9,4,"['地量', '均线粘合', '形态收敛', '低位']","['地量(均量56%)', '均线粘合(离散度1.30%)']"
688219,会通股份,10.15,9,4,"['地量', '均线粘合', '形态收敛', '低位']","['筹码集中度42%', '地量(均量41%)', '均线粘合(离散度2.52%)']"
688229,博睿数据,61.33,9,4,"['地量', '均线粘合', '形态收敛', '低位']","['地量(均量25%)', '均线粘合(离散度4.25%)']"
688272,富吉瑞,27.82,9,4,"['地量', '均线粘合', '形态收敛', '低位']","['地量(均量32%)', '均线粘合(离散度4.16%)']"
688277,天智航,14.96,9,4,"['地量', '均线粘合', '形态收敛', '低位']","['地量(均量39%)', '均线粘合(离散度4.82%)']"
688282,理工导航,53.6,9,4,"['地量', '均线粘合', '形态收敛', '低位']","['地量(均量47%)', '均线粘合(离散度2.18%)']"
688299,长阳科技,13.12,9,4,"['地量', '均线粘合', '形态收敛', '低位']","['地量(均量52%)', '均线粘合(离散度1.14%)']"
688301,奕瑞科技,91.25,9,4,"['地量', '均线粘合', '形态收敛', '低位']","['地量(均量53%)', '均线粘合(离散度2.70%)']"
688317,之江生物,16.48,9,4,"['地量', '均线粘合', '形态收敛', '低位']","['筹码集中度41%', '地量(均量60%)', '均线粘合(离散度1.29%)']"
688325,赛微微电,109.09,9,4,"['地量', '均线粘合', '形态收敛', '低位']","['筹码集中度55%', '地量(均量46%)', '均线粘合(离散度1.40%)']"
688334,西高院,17.9,9,4,"['地量', '均线粘合', '形态收敛', '低位']","['筹码集中度57%', '地量(均量27%)', '均线粘合(离散度0.45%)']"
688339,亿华通,16.86,9,4,"['地量', '均线粘合', '形态收敛', '低位']","['地量(均量52%)', '均线粘合(离散度1.59%)']"
688345,博力威,50.39,9,3,"['地量', '均线粘合', '形态收敛']","['筹码集中度66%', '地量(均量23%)', '均线粘合(离散度1.66%)']"
688355,明志科技,16.5,9,4,"['地量', '均线粘合', '形态收敛', '低位']","['地量(均量51%)', '均线粘合(离散度2.61%)']"
688357,建龙微纳,25.52,9,4,"['地量', '均线粘合', '形态收敛', '低位']","['地量(均量54%)', '均线粘合(离散度1.60%)']"
688360,德马科技,15.0,9,4,"['地量', '均线粘合', '形态收敛', '低位']","['地量(均量60%)', '均线粘合(离散度2.74%)']"
688425,铁建重工,3.96,9,4,"['地量', '均线粘合', '形态收敛', '低位']","['筹码集中度59%', '地量(均量38%)', '均线粘合(离散度1.06%)']"
688429,时创能源,9.58,9,4,"['地量', '均线粘合', '形态收敛', '低位']","['地量(均量26%)', '均线粘合(离散度2.07%)']"
688455,科捷智能,16.9,9,4,"['地量', '均线粘合', '形态收敛', '低位']","['地量(均量53%)', '均线粘合(离散度2.02%)']"
688459,哈铁科技,8.15,9,4,"['地量', '均线粘合', '形态收敛', '低位']","['筹码集中度73%', '地量(均量34%)', '均线粘合(离散度0.23%)']"
688518,联赢激光,21.26,9,4,"['地量', '均线粘合', '形态收敛', '低位']","['地量(均量57%)', '均线粘合(离散度0.62%)']"
688560,明冠新材,12.32,9,4,"['地量', '均线粘合', '形态收敛', '低位']","['地量(均量49%)', '均线粘合(离散度1.58%)']"
688573,信宇人,15.44,9,4,"['地量', '均线粘合', '形态收敛', '低位']","['地量(均量49%)', '均线粘合(离散度1.59%)']"
688586,江航装备,11.1,9,4,"['地量', '均线粘合', '形态收敛', '低位']","['筹码集中度50%', '地量(均量43%)', '均线粘合(离散度1.67%)']"
688592,司南导航,22.98,9,4,"['均线粘合', '形态收敛', '低点抬高', '低位']",['均线粘合(离散度2.99%)']
688602,康鹏科技,6.85,9,3,"['地量', '均线粘合', '形态收敛']","['筹码集中度50%', '地量(均量40%)', '均线粘合(离散度0.48%)']"
688618,三旺通信,29.47,9,4,"['地量', '均线粘合', '形态收敛', '低位']","['地量(均量56%)', '均线粘合(离散度1.62%)']"
688633,星球石墨,22.37,9,4,"['地量', '均线粘合', '形态收敛', '低位']","['地量(均量31%)', '均线粘合(离散度3.36%)']"
688682,霍莱沃,30.35,9,4,"['地量', '均线粘合', '形态收敛', '低位']","['地量(均量47%)', '均线粘合(离散度2.50%)']"
688722,同益中,14.09,9,4,"['地量', '均线粘合', '形态收敛', '低位']","['地量(均量57%)', '均线粘合(离散度1.09%)']"
688772,珠海冠宇,13.68,9,4,"['地量', '均线粘合', '形态收敛', '低位']","['地量(均量39%)', '均线粘合(离散度4.07%)']"
000006,深振业A,7.06,9,4,"['地量', '均线粘合', '形态收敛', '低位']","['地量(均量50%)', '均线粘合(离散度1.30%)']"
000008,神州高铁,2.4,9,4,"['地量', '均线粘合', '形态收敛', '低位']","['筹码集中度41%', '地量(均量32%)', '均线粘合(离散度1.15%)']"
000009,中国宝安,7.0,9,3,"['地量', '均线粘合', '形态收敛']","['地量(均量39%)', '均线粘合(离散度0.87%)']"
000012,南玻A,3.72,9,4,"['地量', '均线粘合', '形态收敛', '低位']","['地量(均量43%)', '均线粘合(离散度2.25%)']"
000027,深圳能源,6.29,9,4,"['地量', '均线粘合', '形态收敛', '低位']","['筹码集中度58%', '地量(均量43%)', '均线粘合(离散度0.31%)']"
000028,国药一致,19.82,9,4,"['地量', '均线粘合', '形态收敛', '低位']","['筹码集中度68%', '地量(均量47%)', '均线粘合(离散度0.77%)']"
000035,中国天楹,4.77,9,4,"['地量', '均线粘合', '形态收敛', '低位']","['筹码集中度54%', '地量(均量29%)', '均线粘合(离散度1.33%)']"
000037,深南电A,9.4,9,4,"['地量', '均线粘合', '形态收敛', '低位']","['筹码集中度51%', '地量(均量51%)', '均线粘合(离散度1.02%)']"
000050,深天马A,6.61,9,4,"['地量', '均线粘合', '形态收敛', '低位']","['地量(均量44%)', '均线粘合(离散度2.62%)']"
000060,中金岭南,6.19,9,4,"['地量', '均线粘合', '形态收敛', '低位']","['地量(均量32%)', '均线粘合(离散度2.48%)']"
000066,中国长城,14.12,9,4,"['地量', '均线粘合', '形态收敛', '低位']","['地量(均量31%)', '均线粘合(离散度3.56%)']"
000400,许继电气,20.37,9,4,"['地量', '均线粘合', '形态收敛', '低位']","['地量(均量35%)', '均线粘合(离散度2.19%)']"
000403,派林生物,9.88,9,4,"['地量', '均线粘合', '形态收敛', '低位']","['筹码集中度49%', '地量(均量40%)', '均线粘合(离散度1.31%)']"
000404,长虹华意,6.88,9,4,"['地量', '均线粘合', '形态收敛', '低位']","['地量(均量21%)', '均线粘合(离散度3.11%)']"
000420,吉林化纤,3.54,9,4,"['地量', '均线粘合', '形态收敛', '低位']","['地量(均量38%)', '均线粘合(离散度2.28%)']"
000503,国新健康,6.7,9,4,"['地量', '均线粘合', '形态收敛', '低位']","['筹码集中度64%', '地量(均量55%)', '均线粘合(离散度1.10%)']"
000530,冰山冷热,5.2,9,4,"['地量', '均线粘合', '形态收敛', '低点抬高']","['筹码集中度53%', '地量(均量53%)', '均线粘合(离散度1.44%)']"
000531,穗恒运A,5.65,9,4,"['地量', '均线粘合', '形态收敛', '低位']","['地量(均量26%)', '均线粘合(离散度0.59%)']"
000539,粤电力A,5.21,9,4,"['地量', '均线粘合', '形态收敛', '低位']","['地量(均量29%)', '均线粘合(离散度3.43%)']"
000547,航天发展,14.93,9,4,"['地量', '均线粘合', '形态收敛', '低位']","['地量(均量41%)', '均线粘合(离散度1.98%)']"
000554,泰山石油,6.36,9,4,"['地量', '均线粘合', '形态收敛', '低位']","['筹码集中度62%', '地量(均量43%)', '均线粘合(离散度1.72%)']"
000555,神州信息,10.4,9,4,"['地量', '均线粘合', '形态收敛', '低位']","['筹码集中度49%', '地量(均量33%)', '均线粘合(离散度1.01%)']"
000591,太阳能,4.29,9,4,"['地量', '均线粘合', '形态收敛', '低位']","['地量(均量46%)', '均线粘合(离散度0.67%)']"
000593,德龙汇能,21.7,9,3,"['地量', '均线粘合', '形态收敛']","['筹码集中度48%', '地量(均量33%)', '均线粘合(离散度1.07%)']"
000595,新能股份,5.27,9,4,"['地量', '均线粘合', '形态收敛', '低位']","['地量(均量58%)', '均线粘合(离散度1.92%)']"
000605,渤海股份,5.78,9,4,"['地量', '均线粘合', '形态收敛', '低位']","['筹码集中度60%', '地量(均量55%)', '均线粘合(离散度1.56%)']"
000608,阳光股份,7.1,9,3,"['地量', '均线粘合', '形态收敛']","['筹码集中度50%', '地量(均量36%)', '均线粘合(离散度2.86%)']"
000625,长安汽车,7.12,9,4,"['地量', '均线粘合', '形态收敛', '低位']","['筹码集中度60%', '地量(均量46%)', '均线粘合(离散度0.35%)']"
000659,珠海中富,2.8,9,4,"['地量', '均线粘合', '形态收敛', '低位']","['地量(均量47%)', '均线粘合(离散度1.59%)']"
000678,襄阳轴承,8.96,9,4,"['地量', '均线粘合', '形态收敛', '低位']","['筹码集中度40%', '地量(均量58%)', '均线粘合(离散度1.47%)']"
000733,振华科技,41.0,9,4,"['地量', '均线粘合', '形态收敛', '低位']","['地量(均量41%)', '均线粘合(离散度2.13%)']"
000758,中色股份,5.98,9,4,"['地量', '均线粘合', '形态收敛', '低位']","['筹码集中度45%', '地量(均量40%)', '均线粘合(离散度1.27%)']"
000766,通化金马,15.58,9,4,"['地量', '均线粘合', '形态收敛', '低位']","['地量(均量48%)', '均线粘合(离散度2.43%)']"
000791,甘肃能源,7.41,9,4,"['地量', '均线粘合', '形态收敛', '低位']","['筹码集中度49%', '地量(均量46%)', '均线粘合(离散度1.22%)']"
000795,英洛华,8.17,9,4,"['地量', '均线粘合', '形态收敛', '低位']","['筹码集中度43%', '地量(均量32%)', '均线粘合(离散度1.82%)']"
000799,酒鬼酒,37.26,9,4,"['地量', '均线粘合', '形态收敛', '低位']","['筹码集中度42%', '地量(均量37%)', '均线粘合(离散度2.27%)']"
000815,美利云,15.55,9,3,"['地量', '均线粘合', '形态收敛']","['地量(均量27%)', '均线粘合(离散度1.55%)']"
000818,航锦科技,11.73,9,4,"['地量', '均线粘合', '形态收敛', '低位']","['地量(均量28%)', '均线粘合(离散度3.93%)']"
000819,岳阳兴长,11.93,9,4,"['地量', '均线粘合', '形态收敛', '低位']","['地量(均量32%)', '均线粘合(离散度1.21%)']"
000829,天音控股,8.88,9,3,"['地量', '均线粘合', '形态收敛']","['筹码集中度53%', '地量(均量32%)', '均线粘合(离散度2.35%)']"
000837,秦川机床,9.68,9,4,"['地量', '均线粘合', '形态收敛', '低位']","['地量(均量52%)', '均线粘合(离散度1.99%)']"
000875,电投绿能,4.86,9,4,"['地量', '均线粘合', '形态收敛', '低位']","['地量(均量41%)', '均线粘合(离散度1.18%)']"
000889,中嘉博创,3.89,9,3,"['地量', '均线粘合', '形态收敛']","['筹码集中度44%', '地量(均量36%)', '均线粘合(离散度2.70%)']"
000901,航天科技,14.37,9,4,"['地量', '均线粘合', '形态收敛', '低位']","['地量(均量50%)', '均线粘合(离散度1.70%)']"
000902,新洋丰,13.82,9,3,"['地量', '均线粘合', '形态收敛']","['筹码集中度67%', '地量(均量36%)', '均线粘合(离散度2.38%)']"
000908,石药景峰,6.12,9,3,"['地量', '均线粘合', '形态收敛']","['地量(均量35%)', '均线粘合(离散度2.27%)']"
000917,电广传媒,6.79,9,4,"['地量', '均线粘合', '形态收敛', '低位']","['筹码集中度48%', '地量(均量37%)', '均线粘合(离散度1.54%)']"
000950,重药控股,5.21,9,4,"['地量', '均线粘合', '形态收敛', '低位']","['筹码集中度41%', '地量(均量27%)', '均线粘合(离散度1.58%)']"
000958,电投产融,5.13,9,4,"['地量', '均线粘合', '形态收敛', '低位']","['地量(均量32%)', '均线粘合(离散度1.84%)']"
000967,盈峰环境,8.26,9,4,"['地量', '均线粘合', '形态收敛', '低位']","['地量(均量54%)', '均线粘合(离散度2.13%)']"
001208,华菱线缆,14.1,9,4,"['地量', '均线粘合', '形态收敛', '低位']","['筹码集中度44%', '地量(均量54%)', '均线粘合(离散度0.72%)']"
001213,中铁特货,3.49,9,4,"['地量', '均线粘合', '形态收敛', '低位']","['筹码集中度59%', '地量(均量29%)', '均线粘合(离散度0.45%)']"
001215,千味央厨,30.45,9,4,"['地量', '均线粘合', '形态收敛', '低位']","['地量(均量36%)', '均线粘合(离散度3.10%)']"
001217,华尔泰,10.24,9,3,"['地量', '均线粘合', '形态收敛']","['筹码集中度50%', '地量(均量35%)', '均线粘合(离散度2.97%)']"
001239,永达股份,11.8,9,4,"['地量', '均线粘合', '形态收敛', '低位']","['地量(均量50%)', '均线粘合(离散度0.89%)']"
001259,利仁科技,46.44,9,4,"['地量', '均线粘合', '形态收敛', '低位']","['地量(均量34%)', '均线粘合(离散度3.60%)']"
001279,强邦新材,26.35,9,4,"['地量', '均线粘合', '形态收敛', '低位']","['筹码集中度56%', '地量(均量59%)', '均线粘合(离散度0.52%)']"
001298,好上好,17.12,9,4,"['地量', '均线粘合', '形态收敛', '低位']","['地量(均量58%)', '均线粘合(离散度2.21%)']"
001335,信凯科技,32.44,9,4,"['地量', '均线粘合', '形态收敛', '低位']","['地量(均量55%)', '均线粘合(离散度1.28%)']"
001369,双欣材料,12.45,9,4,"['地量', '均线粘合', '形态收敛', '低位']","['地量(均量40%)', '均线粘合(离散度1.22%)']"
001696,宗申动力,15.42,9,4,"['地量', '均线粘合', '形态收敛', '低位']","['筹码集中度41%', '地量(均量45%)', '均线粘合(离散度2.19%)']"
002001,新和成,26.32,9,4,"['地量', '均线粘合', '形态收敛', '低位']","['地量(均量32%)', '均线粘合(离散度3.20%)']"
002006,精工科技,13.32,9,4,"['地量', '均线粘合', '形态收敛', '低位']","['筹码集中度42%', '地量(均量45%)', '均线粘合(离散度1.38%)']"
002009,天奇股份,15.58,9,4,"['地量', '均线粘合', '形态收敛', '低位']","['地量(均量23%)', '均线粘合(离散度4.07%)']"
002038,双鹭药业,5.62,9,4,"['地量', '均线粘合', '形态收敛', '低位']","['地量(均量36%)', '均线粘合(离散度2.72%)']"
002057,中钢天源,8.95,9,4,"['地量', '均线粘合', '形态收敛', '低位']","['筹码集中度46%', '地量(均量53%)', '均线粘合(离散度1.01%)']"
002067,景兴纸业,4.09,9,4,"['地量', '均线粘合', '形态收敛', '低位']","['筹码集中度46%', '地量(均量47%)', '均线粘合(离散度1.23%)']"
002073,软控股份,5.72,9,4,"['地量', '均线粘合', '形态收敛', '低位']","['筹码集中度64%', '地量(均量40%)', '均线粘合(离散度1.56%)']"
002075,沙钢股份,3.56,9,4,"['地量', '均线粘合', '形态收敛', '低位']","['筹码集中度60%', '地量(均量59%)', '均线粘合(离散度0.91%)']"
002091,江苏国泰,7.62,9,4,"['地量', '均线粘合', '形态收敛', '低位']","['筹码集中度42%', '地量(均量48%)', '均线粘合(离散度0.45%)']"
002101,广东鸿图,8.68,9,4,"['地量', '均线粘合', '形态收敛', '低位']","['筹码集中度72%', '地量(均量38%)', '均线粘合(离散度0.89%)']"
002108,沧州明珠,4.38,9,4,"['地量', '均线粘合', '形态收敛', '低位']","['地量(均量25%)', '均线粘合(离散度1.15%)']"
002115,三维通信,10.09,9,4,"['地量', '均线粘合', '形态收敛', '低位']","['地量(均量35%)', '均线粘合(离散度2.86%)']"
002121,科陆电子,4.8,9,4,"['地量', '均线粘合', '形态收敛', '低位']","['地量(均量38%)', '均线粘合(离散度1.39%)']"
002129,TCL中环,8.77,9,4,"['地量', '均线粘合', '形态收敛', '低位']","['筹码集中度44%', '地量(均量31%)', '均线粘合(离散度3.10%)']"
002131,利欧股份,4.5,9,4,"['地量', '均线粘合', '形态收敛', '低位']","['地量(均量50%)', '均线粘合(离散度1.51%)']"
002132,恒星科技,4.33,9,4,"['地量', '均线粘合', '形态收敛', '低位']","['地量(均量48%)', '均线粘合(离散度2.71%)']"
002149,西部材料,33.96,9,4,"['地量', '均线粘合', '形态收敛', '低位']","['地量(均量30%)', '均线粘合(离散度4.91%)']"
002151,北斗星通,28.81,9,4,"['地量', '均线粘合', '形态收敛', '低位']","['地量(均量58%)', '均线粘合(离散度0.88%)']"
002177,御银股份,5.63,9,4,"['地量', '均线粘合', '形态收敛', '低位']","['筹码集中度43%', '地量(均量27%)', '均线粘合(离散度1.98%)']"
002180,奔图科技,16.09,9,3,"['地量', '均线粘合', '形态收敛']","['筹码集中度60%', '地量(均量34%)', '均线粘合(离散度1.71%)']"
002184,海得控制,9.72,9,4,"['地量', '均线粘合', '形态收敛', '低位']","['筹码集中度52%', '地量(均量36%)', '均线粘合(离散度1.09%)']"
002203,海亮股份,18.46,9,3,"['地量', '均线粘合', '形态收敛']","['筹码集中度50%', '地量(均量38%)', '均线粘合(离散度1.36%)']"
002223,鱼跃医疗,26.21,9,4,"['地量', '均线粘合', '形态收敛', '低位']","['筹码集中度87%', '地量(均量55%)', '均线粘合(离散度0.70%)']"
002225,濮耐股份,3.53,9,4,"['地量', '均线粘合', '形态收敛', '低位']","['地量(均量51%)', '均线粘合(离散度2.65%)']"
002229,鸿博股份,11.0,9,4,"['地量', '均线粘合', '形态收敛', '低位']","['地量(均量44%)', '均线粘合(离散度2.50%)']"
002236,大华股份,15.74,9,4,"['地量', '均线粘合', '形态收敛', '低位']","['筹码集中度76%', '地量(均量38%)', '均线粘合(离散度1.00%)']"
002243,力合科创,7.07,9,4,"['地量', '均线粘合', '形态收敛', '低位']","['筹码集中度54%', '地量(均量39%)', '均线粘合(离散度1.64%)']"
002276,万马股份,10.03,9,4,"['地量', '均线粘合', '形态收敛', '低位']","['筹码集中度53%', '地量(均量42%)', '均线粘合(离散度0.72%)']"
002283,天润工业,8.26,9,4,"['地量', '均线粘合', '形态收敛', '低位']","['地量(均量49%)', '均线粘合(离散度2.49%)']"
002294,信立泰,30.4,9,4,"['地量', '均线粘合', '形态收敛', '低位']","['地量(均量35%)', '均线粘合(离散度4.76%)']"
002304,洋河股份,38.06,9,4,"['地量', '均线粘合', '形态收敛', '低位']","['筹码集中度61%', '地量(均量42%)', '均线粘合(离散度1.49%)']"
002313,日海智能,8.3,9,3,"['地量', '均线粘合', '形态收敛']","['筹码集中度62%', '地量(均量38%)', '均线粘合(离散度1.84%)']"
002326,永太科技,17.33,9,4,"['地量', '均线粘合', '形态收敛', '低位']","['地量(均量31%)', '均线粘合(离散度4.82%)']"
002347,泰尔股份,5.9,9,4,"['地量', '均线粘合', '形态收敛', '低位']","['筹码集中度43%', '地量(均量48%)', '均线粘合(离散度1.90%)']"
002355,兴民智通,4.67,9,4,"['地量', '均线粘合', '形态收敛', '低位']","['筹码集中度51%', '地量(均量52%)', '均线粘合(离散度2.07%)']"
002378,章源钨业,23.79,9,4,"['地量', '均线粘合', '形态收敛', '低位']","['地量(均量29%)', '均线粘合(离散度3.00%)']"
002387,维信诺,7.03,9,4,"['地量', '均线粘合', '形态收敛', '低位']","['地量(均量60%)', '均线粘合(离散度1.73%)']"
002400,省广集团,6.55,9,4,"['地量', '均线粘合', '形态收敛', '低位']","['筹码集中度45%', '地量(均量44%)', '均线粘合(离散度1.03%)']"
002406,远东传动,6.5,9,4,"['地量', '均线粘合', '形态收敛', '低位']","['地量(均量35%)', '均线粘合(离散度0.98%)']"
002410,广联达,8.4,9,4,"['地量', '均线粘合', '形态收敛', '低位']","['筹码集中度47%', '地量(均量55%)', '均线粘合(离散度1.81%)']"
002446,盛路通信,8.13,9,4,"['地量', '均线粘合', '形态收敛', '低位']","['地量(均量48%)', '均线粘合(离散度2.27%)']"
002449,国星光电,6.56,9,4,"['地量', '均线粘合', '形态收敛', '低位']","['地量(均量42%)', '均线粘合(离散度0.53%)']"
002455,百川股份,7.13,9,4,"['地量', '均线粘合', '形态收敛', '低位']","['地量(均量25%)', '均线粘合(离散度2.67%)']"
002457,青龙管业,11.4,9,4,"['地量', '均线粘合', '形态收敛', '低位']","['筹码集中度55%', '地量(均量50%)', '均线粘合(离散度1.51%)']"
002465,海格通信,10.22,9,4,"['地量', '均线粘合', '形态收敛', '低位']","['地量(均量46%)', '均线粘合(离散度2.12%)']"
002467,二六三,4.55,9,4,"['地量', '均线粘合', '形态收敛', '低位']","['地量(均量25%)', '均线粘合(离散度0.58%)']"
002472,双环传动,36.23,9,4,"['地量', '均线粘合', '形态收敛', '低位']","['筹码集中度44%', '地量(均量49%)', '均线粘合(离散度2.61%)']"
002474,榕基软件,6.34,9,4,"['地量', '均线粘合', '形态收敛', '低位']","['筹码集中度48%', '地量(均量47%)', '均线粘合(离散度1.61%)']"
002507,涪陵榨菜,11.09,9,4,"['地量', '均线粘合', '形态收敛', '低位']","['筹码集中度90%', '地量(均量47%)', '均线粘合(离散度0.94%)']"
002520,日发精机,6.23,9,3,"['地量', '均线粘合', '形态收敛']","['筹码集中度66%', '地量(均量39%)', '均线粘合(离散度1.11%)']"
002532,天山铝业,12.81,9,4,"['地量', '均线粘合', '形态收敛', '低位']","['筹码集中度56%', '地量(均量51%)', '均线粘合(离散度2.01%)']"
002546,新联电子,7.61,9,3,"['地量', '均线粘合', '形态收敛']","['筹码集中度56%', '地量(均量29%)', '均线粘合(离散度2.19%)']"
002549,凯美特气,13.73,9,4,"['地量', '均线粘合', '形态收敛', '低位']","['地量(均量39%)', '均线粘合(离散度3.72%)']"
002570,贝因美,4.39,9,4,"['地量', '均线粘合', '形态收敛', '低位']","['筹码集中度49%', '地量(均量35%)', '均线粘合(离散度1.85%)']"
002587,奥拓电子,5.28,9,4,"['地量', '均线粘合', '形态收敛', '低位']","['地量(均量52%)', '均线粘合(离散度2.46%)']"
002599,盛通股份,5.49,9,4,"['地量', '均线粘合', '形态收敛', '低位']","['筹码集中度47%', '地量(均量53%)', '均线粘合(离散度2.00%)']"
002600,领益智造,12.58,9,4,"['地量', '均线粘合', '形态收敛', '低位']","['地量(均量43%)', '均线粘合(离散度1.75%)']"
002608,江苏国信,7.36,9,4,"['地量', '均线粘合', '低点抬高', '低位']","['筹码集中度55%', '地量(均量32%)', '均线粘合(离散度1.75%)']"
002611,东方精工,13.97,9,4,"['地量', '均线粘合', '形态收敛', '低位']","['地量(均量31%)', '均线粘合(离散度3.85%)']"
002616,长青集团,4.86,9,4,"['地量', '均线粘合', '形态收敛', '低位']","['筹码集中度47%', '地量(均量37%)', '均线粘合(离散度1.12%)']"
002617,露笑科技,6.98,9,4,"['均线粘合', '形态收敛', '低点抬高', '低位']",['均线粘合(离散度2.75%)']
002642,荣联科技,6.99,9,4,"['地量', '均线粘合', '形态收敛', '低位']","['筹码集中度52%', '地量(均量44%)', '均线粘合(离散度1.03%)']"
002653,海思科,63.54,9,3,"['地量', '均线粘合', '形态收敛']","['筹码集中度52%', '地量(均量38%)', '均线粘合(离散度2.19%)']"
002654,万润科技,14.23,9,4,"['地量', '均线粘合', '形态收敛', '低位']","['筹码集中度44%', '地量(均量54%)', '均线粘合(离散度1.45%)']"
002657,中科金财,14.93,9,4,"['地量', '均线粘合', '形态收敛', '低位']","['地量(均量41%)', '均线粘合(离散度2.56%)']"
002662,峰璟股份,3.19,9,4,"['地量', '均线粘合', '形态收敛', '低位']","['地量(均量51%)', '均线粘合(离散度1.03%)']"
002692,远程股份,4.28,9,4,"['地量', '均线粘合', '形态收敛', '低位']","['地量(均量33%)', '均线粘合(离散度3.34%)']"
002718,友邦吊顶,84.95,9,3,"['地量', '均线粘合', '形态收敛']","['筹码集中度45%', '地量(均量38%)', '均线粘合(离散度2.94%)']"
002733,雄韬股份,18.24,9,4,"['地量', '均线粘合', '形态收敛', '低位']","['地量(均量40%)', '均线粘合(离散度4.59%)']"
002739,儒意电影,8.62,9,4,"['地量', '均线粘合', '形态收敛', '低位']","['筹码集中度57%', '地量(均量57%)', '均线粘合(离散度2.31%)']"
002777,久远银海,12.43,9,4,"['地量', '均线粘合', '形态收敛', '低位']","['筹码集中度58%', '地量(均量57%)', '均线粘合(离散度0.68%)']"
002782,可立克,15.21,9,4,"['地量', '均线粘合', '形态收敛', '低位']","['地量(均量42%)', '均线粘合(离散度1.89%)']"
002792,通宇通讯,31.4,9,4,"['地量', '均线粘合', '形态收敛', '低位']","['地量(均量58%)', '均线粘合(离散度0.21%)']"
002801,微光股份,26.52,9,4,"['地量', '均线粘合', '形态收敛', '低位']","['地量(均量35%)', '均线粘合(离散度1.28%)']"
002802,洪汇新材,11.96,9,3,"['地量', '均线粘合', '形态收敛']","['地量(均量28%)', '均线粘合(离散度2.96%)']"
002809,红墙股份,8.18,9,4,"['地量', '均线粘合', '形态收敛', '低位']","['筹码集中度47%', '地量(均量38%)', '均线粘合(离散度2.71%)']"
002819,东方中科,21.4,9,4,"['地量', '均线粘合', '形态收敛', '低位']","['筹码集中度61%', '地量(均量52%)', '均线粘合(离散度1.54%)']"
002826,易明医药,17.03,9,3,"['地量', '均线粘合', '形态收敛']","['筹码集中度69%', '地量(均量37%)', '均线粘合(离散度1.18%)']"
002832,比音勒芬,25.63,9,3,"['地量', '均线粘合', '形态收敛']","['地量(均量35%)', '均线粘合(离散度2.51%)']"
002842,翔鹭钨业,35.42,9,4,"['地量', '均线粘合', '形态收敛', '低位']","['筹码集中度55%', '地量(均量57%)', '均线粘合(离散度1.99%)']"
002843,泰嘉股份,16.41,9,4,"['地量', '均线粘合', '形态收敛', '低位']","['地量(均量29%)', '均线粘合(离散度3.96%)']"
002850,科达利,173.0,9,4,"['地量', '均线粘合', '形态收敛', '低位']","['筹码集中度60%', '地量(均量51%)', '均线粘合(离散度2.58%)']"
002869,金溢科技,15.49,9,4,"['地量', '均线粘合', '形态收敛', '低位']","['地量(均量33%)', '均线粘合(离散度1.54%)']"
002871,伟隆股份,17.61,9,3,"['地量', '均线粘合', '形态收敛']","['地量(均量39%)', '均线粘合(离散度1.55%)']"
002875,安奈儿,12.94,9,4,"['地量', '均线粘合', '形态收敛', '低位']","['地量(均量56%)', '均线粘合(离散度1.61%)']"
002878,元隆雅图,12.6,9,4,"['地量', '均线粘合', '形态收敛', '低位']","['地量(均量27%)', '均线粘合(离散度1.93%)']"
002899,英派斯,19.65,9,4,"['均线粘合', '形态收敛', '低点抬高', '低位']","['筹码集中度42%', '均线粘合(离散度0.75%)']"
002911,佛燃能源,11.21,9,3,"['地量', '均线粘合', '形态收敛']","['筹码集中度72%', '地量(均量33%)', '均线粘合(离散度1.86%)']"
002915,中欣氟材,17.38,9,4,"['地量', '均线粘合', '形态收敛', '低位']","['地量(均量53%)', '均线粘合(离散度1.39%)']"
002923,润都股份,10.92,9,4,"['地量', '均线粘合', '形态收敛', '低位']","['筹码集中度59%', '地量(均量50%)', '均线粘合(离散度0.49%)']"
002930,宏川智慧,9.07,9,4,"['地量', '均线粘合', '形态收敛', '低位']","['筹码集中度50%', '地量(均量38%)', '均线粘合(离散度1.44%)']"
002946,新乳业,14.44,9,4,"['地量', '均线粘合', '形态收敛', '低位']","['筹码集中度42%', '地量(均量39%)', '均线粘合(离散度2.67%)']"
002959,小熊电器,31.7,9,4,"['地量', '均线粘合', '形态收敛', '低位']","['筹码集中度49%', '地量(均量33%)', '均线粘合(离散度1.65%)']"
002962,五方光电,13.5,9,4,"['地量', '均线粘合', '形态收敛', '低位']","['地量(均量45%)', '均线粘合(离散度1.52%)']"
002983,芯瑞达,21.97,9,3,"['地量', '均线粘合', '形态收敛']","['地量(均量39%)', '均线粘合(离散度1.60%)']"
002992,宝明科技,34.15,9,4,"['均线粘合', '形态收敛', '低点抬高', '低位']",['均线粘合(离散度2.32%)']
002995,天地在线,16.82,9,4,"['地量', '均线粘合', '形态收敛', '低位']","['地量(均量34%)', '均线粘合(离散度1.64%)']"
003010,若羽臣,29.54,9,4,"['地量', '均线粘合', '形态收敛', '低点抬高']","['筹码集中度58%', '地量(均量47%)', '均线粘合(离散度3.89%)']"
003035,南网能源,5.68,9,4,"['地量', '均线粘合', '形态收敛', '低位']","['筹码集中度42%', '地量(均量55%)', '均线粘合(离散度1.18%)']"
300015,爱尔眼科,8.04,9,4,"['地量', '均线粘合', '形态收敛', '低位']","['筹码集中度49%', '地量(均量36%)', '均线粘合(离散度2.23%)']"
300019,硅宝科技,14.29,9,4,"['地量', '均线粘合', '形态收敛', '低位']","['地量(均量32%)', '均线粘合(离散度3.65%)']"
300022,吉峰科技,8.01,9,4,"['地量', '均线粘合', '形态收敛', '低位']","['筹码集中度55%', '地量(均量45%)', '均线粘合(离散度0.71%)']"
300030,阳普医疗,6.56,9,4,"['地量', '均线粘合', '形态收敛', '低位']","['筹码集中度57%', '地量(均量56%)', '均线粘合(离散度1.72%)']"
300031,宝通科技,21.27,9,4,"['地量', '均线粘合', '形态收敛', '低位']","['筹码集中度43%', '地量(均量55%)', '均线粘合(离散度1.37%)']"
300032,金龙机电,3.9,9,4,"['地量', '均线粘合', '形态收敛', '低位']","['地量(均量51%)', '均线粘合(离散度1.86%)']"
300040,九洲集团,5.83,9,4,"['地量', '均线粘合', '形态收敛', '低位']","['地量(均量58%)', '均线粘合(离散度1.07%)']"
300043,星辉娱乐,4.42,9,4,"['地量', '均线粘合', '形态收敛', '低位']","['筹码集中度55%', '地量(均量51%)', '均线粘合(离散度2.15%)']"
300058,蓝色光标,13.15,9,4,"['地量', '均线粘合', '形态收敛', '低位']","['地量(均量46%)', '均线粘合(离散度1.72%)']"
300063,天龙集团,8.68,9,4,"['地量', '均线粘合', '形态收敛', '低位']","['地量(均量46%)', '均线粘合(离散度1.51%)']"
300067,安诺其,5.29,9,3,"['地量', '均线粘合', '形态收敛']","['筹码集中度41%', '地量(均量38%)', '均线粘合(离散度1.23%)']"
300082,奥克股份,8.58,9,4,"['均线粘合', '形态收敛', '低点抬高', '低位']",['均线粘合(离散度1.87%)']
300092,科新机电,11.34,9,4,"['地量', '均线粘合', '形态收敛', '低位']","['筹码集中度46%', '地量(均量29%)', '均线粘合(离散度1.45%)']"
300102,乾照光电,17.31,9,4,"['地量', '均线粘合', '形态收敛', '低位']","['地量(均量34%)', '均线粘合(离散度3.73%)']"
300113,顺网科技,16.08,9,4,"['地量', '均线粘合', '形态收敛', '低位']","['地量(均量23%)', '均线粘合(离散度2.91%)']"
300121,阳谷华泰,9.6,9,4,"['地量', '均线粘合', '形态收敛', '低位']","['地量(均量44%)', '均线粘合(离散度2.07%)']"
300128,锦富技术,5.04,9,4,"['地量', '均线粘合', '形态收敛', '低位']","['地量(均量52%)', '均线粘合(离散度1.59%)']"
300134,大富科技,8.42,9,4,"['地量', '均线粘合', '形态收敛', '低位']","['筹码集中度41%', '地量(均量58%)', '均线粘合(离散度1.40%)']"
300143,盈康生命,7.27,9,4,"['地量', '均线粘合', '形态收敛', '低位']","['筹码集中度56%', '地量(均量38%)', '均线粘合(离散度1.50%)']"
300157,新锦动力,3.79,9,4,"['地量', '均线粘合', '形态收敛', '低位']","['地量(均量30%)', '均线粘合(离散度2.09%)']"
300159,新研股份,2.89,9,4,"['地量', '均线粘合', '形态收敛', '低位']","['筹码集中度43%', '地量(均量57%)', '均线粘合(离散度1.53%)']"
300172,中电环保,4.47,9,4,"['地量', '均线粘合', '形态收敛', '低位']","['筹码集中度56%', '地量(均量31%)', '均线粘合(离散度1.46%)']"
300190,维尔利,3.79,9,4,"['地量', '均线粘合', '低点抬高', '低位']","['筹码集中度58%', '地量(均量40%)', '均线粘合(离散度1.34%)']"
300197,节能铁汉,1.97,9,4,"['地量', '均线粘合', '形态收敛', '低位']","['地量(均量40%)', '均线粘合(离散度1.82%)']"
300215,电科院,6.34,9,4,"['地量', '均线粘合', '形态收敛', '低位']","['地量(均量35%)', '均线粘合(离散度1.13%)']"
300229,拓尔思,13.02,9,4,"['地量', '均线粘合', '形态收敛', '低位']","['地量(均量55%)', '均线粘合(离散度1.67%)']"
300231,银信科技,8.25,9,4,"['地量', '均线粘合', '形态收敛', '低位']","['筹码集中度50%', '地量(均量41%)', '均线粘合(离散度1.14%)']"
300241,瑞丰光电,5.96,9,3,"['地量', '均线粘合', '形态收敛']","['地量(均量29%)', '均线粘合(离散度0.83%)']"
300248,新开普,8.19,9,4,"['地量', '均线粘合', '形态收敛', '低位']","['筹码集中度50%', '地量(均量58%)', '均线粘合(离散度1.80%)']"
300249,依米康,13.47,9,4,"['地量', '均线粘合', '形态收敛', '低位']","['地量(均量49%)', '均线粘合(离散度1.14%)']"
300251,光线传媒,11.08,9,4,"['地量', '均线粘合', '形态收敛', '低位']","['筹码集中度46%', '地量(均量33%)', '均线粘合(离散度1.91%)']"
300252,金信诺,12.71,9,4,"['均线粘合', '形态收敛', '低点抬高', '低位']",['均线粘合(离散度1.63%)']
300261,雅本化学,4.76,9,4,"['地量', '均线粘合', '形态收敛', '低位']","['筹码集中度57%', '地量(均量56%)', '均线粘合(离散度1.58%)']"
300263,隆华科技,10.25,9,4,"['地量', '均线粘合', '形态收敛', '低位']","['地量(均量43%)', '均线粘合(离散度2.84%)']"
300265,通光线缆,13.83,9,4,"['地量', '均线粘合', '形态收敛', '低位']","['地量(均量43%)', '均线粘合(离散度2.45%)']"
300286,安科瑞,19.31,9,4,"['地量', '均线粘合', '形态收敛', '低位']","['地量(均量55%)', '均线粘合(离散度2.49%)']"
300287,飞利信,3.53,9,4,"['地量', '均线粘合', '形态收敛', '低位']","['筹码集中度53%', '地量(均量45%)', '均线粘合(离散度1.27%)']"
300296,利亚德,4.89,9,4,"['地量', '均线粘合', '形态收敛', '低位']","['地量(均量21%)', '均线粘合(离散度2.43%)']"
300303,聚飞光电,6.92,9,4,"['地量', '均线粘合', '形态收敛', '低位']","['地量(均量21%)', '均线粘合(离散度3.68%)']"
300310,宜通世纪,4.29,9,4,"['地量', '均线粘合', '形态收敛', '低位']","['筹码集中度43%', '地量(均量50%)', '均线粘合(离散度1.13%)']"
300317,珈伟新能,4.15,9,4,"['地量', '均线粘合', '形态收敛', '低位']","['地量(均量55%)', '均线粘合(离散度0.98%)']"
300332,天壕能源,4.92,9,4,"['地量', '均线粘合', '形态收敛', '低位']","['筹码集中度43%', '地量(均量46%)', '均线粘合(离散度1.82%)']"
300334,津膜科技,8.74,9,4,"['地量', '均线粘合', '形态收敛', '低位']","['地量(均量47%)', '均线粘合(离散度0.91%)']"
300337,银邦股份,9.4,9,4,"['地量', '均线粘合', '形态收敛', '低位']","['地量(均量40%)', '均线粘合(离散度2.39%)']"
300342,天银机电,32.17,9,4,"['地量', '均线粘合', '形态收敛', '低位']","['地量(均量23%)', '均线粘合(离散度4.74%)']"
300343,联创股份,5.5,9,4,"['地量', '均线粘合', '形态收敛', '低位']","['筹码集中度45%', '地量(均量42%)', '均线粘合(离散度2.46%)']"
300393,中来股份,6.15,9,4,"['地量', '均线粘合', '形态收敛', '低位']","['地量(均量53%)', '均线粘合(离散度1.31%)']"
300395,菲利华,93.38,9,4,"['均线粘合', '形态收敛', '低点抬高', '低位']",['均线粘合(离散度1.62%)']
300409,道氏技术,17.09,9,4,"['地量', '均线粘合', '形态收敛', '低位']","['地量(均量34%)', '均线粘合(离散度2.65%)']"
300423,昇辉科技,5.54,9,4,"['地量', '均线粘合', '形态收敛', '低位']","['筹码集中度56%', '地量(均量38%)', '均线粘合(离散度1.29%)']"
300436,广生堂,86.56,9,4,"['地量', '均线粘合', '形态收敛', '低位']","['地量(均量32%)', '均线粘合(离散度3.52%)']"
300437,清水源,10.7,9,4,"['地量', '均线粘合', '形态收敛', '低位']","['地量(均量34%)', '均线粘合(离散度1.94%)']"
300444,双杰电气,9.03,9,4,"['地量', '均线粘合', '形态收敛', '低位']","['地量(均量35%)', '均线粘合(离散度4.67%)']"
300447,全信股份,14.18,9,4,"['地量', '均线粘合', '形态收敛', '低位']","['地量(均量40%)', '均线粘合(离散度1.36%)']"
300451,创业慧康,3.36,9,4,"['地量', '均线粘合', '形态收敛', '低位']","['筹码集中度58%', '地量(均量53%)', '均线粘合(离散度1.25%)']"
300465,高伟达,11.41,9,4,"['地量', '均线粘合', '形态收敛', '低位']","['地量(均量44%)', '均线粘合(离散度2.13%)']"
300481,濮阳惠成,14.15,9,4,"['地量', '均线粘合', '形态收敛', '低位']","['筹码集中度53%', '地量(均量49%)', '均线粘合(离散度1.93%)']"
300501,海顺新材,9.43,9,4,"['地量', '均线粘合', '形态收敛', '低位']","['地量(均量34%)', '均线粘合(离散度4.54%)']"
300507,苏奥传感,6.49,9,4,"['地量', '均线粘合', '形态收敛', '低位']","['地量(均量57%)', '均线粘合(离散度1.26%)']"
300522,世名科技,14.62,9,4,"['均线粘合', '形态收敛', '低点抬高', '低位']","['筹码集中度44%', '均线粘合(离散度2.46%)']"
300525,博思软件,7.72,9,4,"['地量', '均线粘合', '形态收敛', '低位']","['地量(均量51%)', '均线粘合(离散度1.90%)']"
300538,同益股份,14.48,9,3,"['地量', '均线粘合', '形态收敛']","['地量(均量37%)', '均线粘合(离散度1.41%)']"
300543,朗科智能,7.48,9,4,"['地量', '均线粘合', '形态收敛', '低位']","['筹码集中度54%', '地量(均量58%)', '均线粘合(离散度1.39%)']"
300552,万集科技,20.6,9,4,"['地量', '均线粘合', '形态收敛', '低位']","['地量(均量45%)', '均线粘合(离散度1.34%)']"
300565,科信技术,9.92,9,4,"['地量', '均线粘合', '形态收敛', '低位']","['地量(均量45%)', '均线粘合(离散度1.82%)']"
300605,恒锋信息,9.94,9,4,"['地量', '均线粘合', '形态收敛', '低位']","['筹码集中度53%', '地量(均量45%)', '均线粘合(离散度1.70%)']"
300632,光莆股份,19.07,9,4,"['地量', '均线粘合', '形态收敛', '低位']","['地量(均量51%)', '均线粘合(离散度1.98%)']"
300637,扬帆新材,9.3,9,3,"['地量', '均线粘合', '形态收敛']","['地量(均量38%)', '均线粘合(离散度1.76%)']"
300641,正丹股份,13.72,9,4,"['地量', '均线粘合', '形态收敛', '低位']","['地量(均量19%)', '均线粘合(离散度2.06%)']"
300654,世纪天鸿,9.86,9,4,"['地量', '均线粘合', '形态收敛', '低位']","['筹码集中度60%', '地量(均量50%)', '均线粘合(离散度2.32%)']"
300664,鹏鹞环保,4.64,9,4,"['地量', '均线粘合', '形态收敛', '低位']","['筹码集中度48%', '地量(均量31%)', '均线粘合(离散度1.37%)']"
300667,必创科技,14.88,9,4,"['地量', '均线粘合', '形态收敛', '低位']","['地量(均量56%)', '均线粘合(离散度0.86%)']"
300686,智动力,14.86,9,3,"['地量', '均线粘合', '形态收敛']","['地量(均量38%)', '均线粘合(离散度0.68%)']"
300696,爱乐达,20.3,9,4,"['地量', '均线粘合', '形态收敛', '低位']","['地量(均量51%)', '均线粘合(离散度2.08%)']"
300699,光威复材,23.55,9,4,"['地量', '均线粘合', '形态收敛', '低位']","['地量(均量30%)', '均线粘合(离散度3.24%)']"
300713,英可瑞,12.79,9,4,"['地量', '均线粘合', '形态收敛', '低位']","['筹码集中度46%', '地量(均量44%)', '均线粘合(离散度1.68%)']"
300715,凯伦股份,13.98,9,4,"['地量', '均线粘合', '形态收敛', '低位']","['地量(均量53%)', '均线粘合(离散度0.77%)']"
300738,奥飞数据,19.58,9,4,"['地量', '均线粘合', '形态收敛', '低位']","['地量(均量37%)', '均线粘合(离散度3.05%)']"
300748,金力永磁,25.36,9,4,"['地量', '均线粘合', '形态收敛', '低位']","['地量(均量32%)', '均线粘合(离散度3.02%)']"
300753,爱朋医疗,20.36,9,4,"['地量', '均线粘合', '形态收敛', '低位']","['筹码集中度43%', '地量(均量51%)', '均线粘合(离散度2.53%)']"
300758,七彩化学,11.3,9,3,"['地量', '均线粘合', '形态收敛']","['地量(均量29%)', '均线粘合(离散度1.59%)']"
300766,每日互动,21.9,9,4,"['地量', '均线粘合', '形态收敛', '低位']","['筹码集中度43%', '地量(均量38%)', '均线粘合(离散度1.05%)']"
300775,三角防务,21.06,9,4,"['地量', '均线粘合', '形态收敛', '低位']","['筹码集中度50%', '地量(均量39%)', '均线粘合(离散度1.18%)']"
300782,卓胜微,73.74,9,4,"['地量', '均线粘合', '形态收敛', '低位']","['地量(均量40%)', '均线粘合(离散度3.84%)']"
300801,泰和科技,21.78,9,4,"['地量', '均线粘合', '形态收敛', '低位']","['地量(均量35%)', '均线粘合(离散度4.46%)']"
300809,华辰装备,24.56,9,4,"['地量', '均线粘合', '形态收敛', '低位']","['地量(均量50%)', '均线粘合(离散度0.99%)']"
300847,中船汉光,13.78,9,4,"['地量', '均线粘合', '形态收敛', '低位']","['筹码集中度67%', '地量(均量49%)', '均线粘合(离散度0.85%)']"
300851,交大思诺,23.36,9,4,"['地量', '均线粘合', '形态收敛', '低位']","['筹码集中度48%', '地量(均量56%)', '均线粘合(离散度1.51%)']"
300858,科拓生物,14.35,9,4,"['地量', '均线粘合', '形态收敛', '低位']","['地量(均量21%)', '均线粘合(离散度1.18%)']"
300861,美畅股份,16.15,9,4,"['地量', '均线粘合', '形态收敛', '低位']","['地量(均量34%)', '均线粘合(离散度3.96%)']"
300875,捷强装备,32.42,9,4,"['地量', '均线粘合', '形态收敛', '低位']","['筹码集中度58%', '地量(均量41%)', '均线粘合(离散度1.89%)']"
300880,迦南智能,20.39,9,3,"['地量', '均线粘合', '形态收敛']","['筹码集中度49%', '地量(均量34%)', '均线粘合(离散度1.34%)']"
300883,龙利得,6.34,9,3,"['地量', '均线粘合', '形态收敛']","['筹码集中度74%', '地量(均量34%)', '均线粘合(离散度2.94%)']"
300885,海昌新材,19.0,9,4,"['地量', '均线粘合', '形态收敛', '低位']","['地量(均量30%)', '均线粘合(离散度4.06%)']"
300896,爱美客,89.47,9,4,"['地量', '均线粘合', '形态收敛', '低位']","['筹码集中度40%', '地量(均量41%)', '均线粘合(离散度2.60%)']"
300919,中伟新材,38.03,9,4,"['地量', '均线粘合', '形态收敛', '低位']","['地量(均量35%)', '均线粘合(离散度2.18%)']"
300930,屹通新材,24.68,9,4,"['地量', '均线粘合', '形态收敛', '低位']","['地量(均量56%)', '均线粘合(离散度1.43%)']"
300935,盈建科,27.01,9,4,"['地量', '均线粘合', '形态收敛', '低位']","['地量(均量55%)', '均线粘合(离散度2.92%)']"
300948,冠中生态,18.95,9,4,"['地量', '均线粘合', '形态收敛', '低位']","['地量(均量34%)', '均线粘合(离散度3.94%)']"
300956,英力股份,11.2,9,4,"['地量', '均线粘合', '形态收敛', '低位']","['筹码集中度43%', '地量(均量45%)', '均线粘合(离散度1.42%)']"
300963,中洲特材,11.12,9,4,"['地量', '均线粘合', '形态收敛', '低位']","['地量(均量42%)', '均线粘合(离散度2.33%)']"
300965,恒宇信通,41.41,9,4,"['地量', '均线粘合', '形态收敛', '低位']","['地量(均量44%)', '均线粘合(离散度1.72%)']"
300980,祥源新材,23.42,9,4,"['地量', '均线粘合', '形态收敛', '低位']","['地量(均量48%)', '均线粘合(离散度1.98%)']"
300982,苏文电能,14.17,9,4,"['地量', '均线粘合', '形态收敛', '低位']","['地量(均量31%)', '均线粘合(离散度2.16%)']"
301024,霍普股份,32.18,9,4,"['地量', '均线粘合', '形态收敛', '低位']","['地量(均量53%)', '均线粘合(离散度1.09%)']"
301026,浩通科技,19.51,9,3,"['地量', '均线粘合', '形态收敛']","['地量(均量35%)', '均线粘合(离散度1.89%)']"
301027,华蓝集团,19.9,9,4,"['地量', '均线粘合', '形态收敛', '低位']","['筹码集中度70%', '地量(均量38%)', '均线粘合(离散度1.38%)']"
301028,鼎熔岩,13.45,9,4,"['地量', '均线粘合', '形态收敛', '低位']","['地量(均量57%)', '均线粘合(离散度1.26%)']"
301040,中环海陆,26.91,9,3,"['地量', '均线粘合', '形态收敛']","['筹码集中度41%', '地量(均量26%)', '均线粘合(离散度2.66%)']"
301048,金鹰重工,8.97,9,4,"['地量', '均线粘合', '形态收敛', '低位']","['筹码集中度41%', '地量(均量33%)', '均线粘合(离散度0.98%)']"
301083,百胜智能,13.5,9,4,"['地量', '均线粘合', '形态收敛', '低位']","['筹码集中度54%', '地量(均量50%)', '均线粘合(离散度1.41%)']"
301097,天益医疗,33.66,9,4,"['地量', '均线粘合', '形态收敛', '低位']","['筹码集中度57%', '地量(均量60%)', '均线粘合(离散度0.75%)']"
301100,风光股份,15.11,9,4,"['地量', '均线粘合', '形态收敛', '低位']","['筹码集中度59%', '地量(均量43%)', '均线粘合(离散度1.56%)']"
301109,军信股份,12.96,9,4,"['地量', '均线粘合', '形态收敛', '低位']","['筹码集中度53%', '地量(均量49%)', '均线粘合(离散度1.51%)']"
301112,信邦智能,29.85,9,3,"['地量', '均线粘合', '形态收敛']","['筹码集中度54%', '地量(均量37%)', '均线粘合(离散度1.26%)']"
301138,华研精机,27.8,9,4,"['地量', '均线粘合', '形态收敛', '低位']","['筹码集中度45%', '地量(均量46%)', '均线粘合(离散度1.24%)']"
301141,中科磁业,37.08,9,4,"['地量', '均线粘合', '形态收敛', '低位']","['地量(均量35%)', '均线粘合(离散度2.51%)']"
301159,三维天地,30.91,9,4,"['地量', '均线粘合', '形态收敛', '低位']","['筹码集中度54%', '地量(均量51%)', '均线粘合(离散度1.41%)']"
301175,中科环保,5.65,9,3,"['地量', '均线粘合', '形态收敛']","['筹码集中度79%', '地量(均量36%)', '均线粘合(离散度2.36%)']"
301180,万祥科技,11.48,9,4,"['地量', '均线粘合', '形态收敛', '低位']","['地量(均量45%)', '均线粘合(离散度1.24%)']"
301198,喜悦智行,12.2,9,4,"['地量', '均线粘合', '形态收敛', '低位']","['地量(均量54%)', '均线粘合(离散度2.54%)']"
301199,迈赫股份,18.16,9,4,"['地量', '均线粘合', '形态收敛', '低位']","['筹码集中度49%', '地量(均量44%)', '均线粘合(离散度0.94%)']"
301201,诚达药业,34.32,9,4,"['地量', '均线粘合', '形态收敛', '低位']","['筹码集中度45%', '地量(均量55%)', '均线粘合(离散度1.98%)']"
301203,国泰环保,33.43,9,4,"['地量', '均线粘合', '形态收敛', '低位']","['地量(均量50%)', '均线粘合(离散度1.59%)']"
301222,浙江恒威,25.59,9,4,"['地量', '均线粘合', '形态收敛', '低位']","['地量(均量44%)', '均线粘合(离散度1.41%)']"
301226,祥明智能,30.17,9,4,"['地量', '均线粘合', '形态收敛', '低位']","['地量(均量23%)', '均线粘合(离散度1.83%)']"
301233,盛帮股份,31.48,9,4,"['地量', '均线粘合', '形态收敛', '低位']","['地量(均量47%)', '均线粘合(离散度1.58%)']"
301256,华融化学,9.83,9,4,"['地量', '均线粘合', '形态收敛', '低位']","['地量(均量40%)', '均线粘合(离散度2.46%)']"
301272,英华特,34.01,9,4,"['地量', '均线粘合', '形态收敛', '低位']","['筹码集中度50%', '地量(均量54%)', '均线粘合(离散度1.38%)']"
301275,汉朔科技,41.44,9,4,"['地量', '均线粘合', '形态收敛', '低位']","['筹码集中度75%', '地量(均量59%)', '均线粘合(离散度1.02%)']"
301279,金道科技,22.7,9,4,"['地量', '均线粘合', '形态收敛', '低点抬高']","['筹码集中度61%', '地量(均量54%)', '均线粘合(离散度3.97%)']"
301302,华如科技,21.01,9,4,"['地量', '均线粘合', '形态收敛', '低位']","['地量(均量28%)', '均线粘合(离散度3.12%)']"
301306,西测测试,100.03,9,4,"['地量', '均线粘合', '形态收敛', '低位']","['地量(均量37%)', '均线粘合(离散度3.76%)']"
301349,信德新材,45.86,9,4,"['地量', '均线粘合', '形态收敛', '低位']","['筹码集中度46%', '地量(均量54%)', '均线粘合(离散度2.31%)']"
301361,众智科技,26.89,9,4,"['地量', '均线粘合', '形态收敛', '低位']","['地量(均量55%)', '均线粘合(离散度2.12%)']"
301389,隆扬电子,60.13,9,4,"['均线粘合', '形态收敛', '低点抬高', '低位']",['均线粘合(离散度1.69%)']
301428,世纪恒通,26.41,9,4,"['地量', '均线粘合', '形态收敛', '低位']","['地量(均量26%)', '均线粘合(离散度3.24%)']"
301429,森泰股份,16.96,9,4,"['地量', '均线粘合', '形态收敛', '低位']","['筹码集中度52%', '地量(均量57%)', '均线粘合(离散度1.84%)']"
301468,博盈特焊,32.12,9,4,"['地量', '均线粘合', '形态收敛', '低位']","['地量(均量56%)', '均线粘合(离散度2.69%)']"
301488,豪恩汽电,93.12,9,4,"['地量', '均线粘合', '形态收敛', '低位']","['地量(均量37%)', '均线粘合(离散度4.55%)']"
301522,上大股份,23.36,9,4,"['地量', '均线粘合', '形态收敛', '低位']","['地量(均量47%)', '均线粘合(离散度0.58%)']"
301535,浙江华远,13.59,9,4,"['地量', '均线粘合', '形态收敛', '低位']","['地量(均量53%)', '均线粘合(离散度2.88%)']"
301555,惠柏新材,35.85,9,3,"['地量', '均线粘合', '形态收敛']","['地量(均量37%)', '均线粘合(离散度1.40%)']"
301565,中仑新材,19.35,9,4,"['地量', '均线粘合', '形态收敛', '低位']","['地量(均量55%)', '均线粘合(离散度2.19%)']"
301587,中瑞股份,21.26,9,4,"['地量', '均线粘合', '形态收敛', '低位']","['地量(均量40%)', '均线粘合(离散度0.67%)']"
399234,水电煤气指数,973.8,9,4,"['地量', '均线粘合', '形态收敛', '低位']","['筹码集中度47%', '地量(均量50%)', '均线粘合(离散度0.23%)']"
399302,深证公司债综合指数,226.17,9,3,"['地量', '均线粘合', '形态收敛']","['筹码集中度100%', '地量(均量24%)', '均线粘合(离散度0.12%)']"
399366,国证能源金属指数,2406.96,9,4,"['地量', '均线粘合', '形态收敛', '低位']","['地量(均量41%)', '均线粘合(离散度2.81%)']"
399368,国证航天军工指数,7180.1,9,4,"['均线粘合', '形态收敛', '低点抬高', '低位']","['筹码集中度49%', '均线粘合(离散度0.59%)']"
399390,国证1000公用事业行业指数,2606.45,9,4,"['地量', '均线粘合', '形态收敛', '低位']","['筹码集中度73%', '地量(均量41%)', '均线粘合(离散度0.10%)']"
399419,国证高铁指数,1879.08,9,4,"['地量', '均线粘合', '形态收敛', '低位']","['筹码集中度71%', '地量(均量56%)', '均线粘合(离散度0.49%)']"
399438,国证绿色电力指数,2032.53,9,4,"['地量', '均线粘合', '形态收敛', '低位']","['筹码集中度60%', '地量(均量55%)', '均线粘合(离散度0.24%)']"
399806,中证环境治理指数,1279.86,9,4,"['地量', '均线粘合', '形态收敛', '低位']","['筹码集中度55%', '地量(均量54%)', '均线粘合(离散度0.65%)']"
600004,白云机场,7.63,8,3,"['地量', '均线粘合', '形态收敛']","['筹码集中度84%', '地量(均量55%)', '均线粘合(离散度0.85%)']"
600009,上海机场,22.68,8,4,"['地量', '均线粘合', '形态收敛', '低位']","['筹码集中度75%', '地量(均量50%)', '均线粘合(离散度0.88%)']"
600012,皖通高速,15.97,8,3,"['地量', '均线粘合', '形态收敛']","['筹码集中度91%', '地量(均量58%)', '均线粘合(离散度0.78%)']"
600019,宝钢股份,5.76,8,3,"['均线粘合', '形态收敛', '低点抬高']","['筹码集中度100%', '均线粘合(离散度0.47%)']"
600023,浙能电力,5.08,8,4,"['地量', '均线粘合', '低点抬高', '低位']","['筹码集中度65%', '地量(均量43%)', '均线粘合(离散度0.83%)']"
600025,华能水电,9.68,8,3,"['地量', '均线粘合', '形态收敛']","['筹码集中度99%', '地量(均量59%)', '均线粘合(离散度0.25%)']"
600038,中直股份,27.05,8,4,"['地量', '均线粘合', '形态收敛', '低位']","['筹码集中度74%', '地量(均量45%)', '均线粘合(离散度1.49%)']"
600051,宁波联合,6.07,8,4,"['地量', '均线粘合', '形态收敛', '低位']","['筹码集中度56%', '地量(均量51%)', '均线粘合(离散度1.57%)']"
600064,南京高科,7.76,8,3,"['均线粘合', '形态收敛', '低点抬高']","['筹码集中度93%', '均线粘合(离散度1.15%)']"
600081,东风科技,10.34,8,3,"['地量', '均线粘合', '形态收敛']","['筹码集中度57%', '地量(均量44%)', '均线粘合(离散度1.87%)']"
600089,特变电工,18.13,8,4,"['地量', '均线粘合', '形态收敛', '低位']","['地量(均量28%)', '均线粘合(离散度3.70%)']"
600098,广州发展,6.28,8,4,"['地量', '均线粘合', '低点抬高', '低位']","['筹码集中度66%', '地量(均量41%)', '均线粘合(离散度0.71%)']"
600099,林海股份,9.03,8,3,"['地量', '均线粘合', '形态收敛']","['筹码集中度46%', '地量(均量52%)', '均线粘合(离散度2.54%)']"
600101,明星电力,7.94,8,4,"['地量', '均线粘合', '形态收敛', '低位']","['地量(均量52%)', '均线粘合(离散度0.44%)']"
600114,东睦股份,28.08,8,4,"['地量', '均线粘合', '形态收敛', '低位']","['地量(均量51%)', '均线粘合(离散度3.20%)']"
600129,太极集团,13.46,8,4,"['地量', '均线粘合', '形态收敛', '低位']","['地量(均量41%)', '均线粘合(离散度4.45%)']"
600133,东湖高新,8.08,8,3,"['地量', '均线粘合', '形态收敛']","['筹码集中度79%', '地量(均量37%)', '均线粘合(离散度1.42%)']"
600137,浪莎股份,17.21,8,4,"['地量', '均线粘合', '形态收敛', '低位']","['筹码集中度42%', '地量(均量41%)', '均线粘合(离散度1.80%)']"
600141,兴发集团,29.33,8,4,"['地量', '均线粘合', '形态收敛', '低位']","['筹码集中度48%', '地量(均量43%)', '均线粘合(离散度3.55%)']"
600143,金发科技,13.17,8,4,"['地量', '均线粘合', '形态收敛', '低位']","['地量(均量37%)', '均线粘合(离散度4.24%)']"
600161,天坛生物,12.17,8,4,"['地量', '均线粘合', '形态收敛', '低位']","['筹码集中度76%', '地量(均量58%)', '均线粘合(离散度0.53%)']"
600166,福田汽车,2.78,8,4,"['地量', '均线粘合', '形态收敛', '低位']","['地量(均量47%)', '均线粘合(离散度2.17%)']"
600168,武汉控股,4.33,8,4,"['地量', '均线粘合', '形态收敛', '低位']","['筹码集中度62%', '地量(均量43%)', '均线粘合(离散度1.05%)']"
600178,东安动力,9.61,8,3,"['地量', '均线粘合', '形态收敛']","['筹码集中度87%', '地量(均量57%)', '均线粘合(离散度1.52%)']"
600179,安通控股,4.55,8,3,"['地量', '均线粘合', '形态收敛']","['筹码集中度100%', '地量(均量54%)', '均线粘合(离散度1.14%)']"
600195,中牧股份,6.62,8,4,"['地量', '均线粘合', '形态收敛', '低位']","['筹码集中度48%', '地量(均量59%)', '均线粘合(离散度1.83%)']"
600196,复星医药,22.03,8,4,"['地量', '均线粘合', '形态收敛', '低位']","['筹码集中度68%', '地量(均量59%)', '均线粘合(离散度1.94%)']"
600202,哈空调,4.97,8,3,"['地量', '均线粘合', '形态收敛']","['筹码集中度51%', '地量(均量52%)', '均线粘合(离散度2.23%)']"
600207,安彩高科,4.82,8,4,"['均线粘合', '形态收敛', '低点抬高', '低位']",['均线粘合(离散度3.10%)']
600208,衢州发展,2.86,8,4,"['地量', '均线粘合', '形态收敛', '低位']","['筹码集中度52%', '地量(均量46%)', '均线粘合(离散度1.18%)']"
600211,西藏药业,36.15,8,4,"['地量', '均线粘合', '形态收敛', '低位']","['筹码集中度84%', '地量(均量40%)', '均线粘合(离散度1.28%)']"
600219,南山铝业,4.78,8,3,"['地量', '均线粘合', '形态收敛']","['筹码集中度55%', '地量(均量57%)', '均线粘合(离散度2.23%)']"
600232,金鹰股份,6.47,8,3,"['地量', '均线粘合', '形态收敛']","['地量(均量41%)', '均线粘合(离散度2.14%)']"
600233,圆通速递,18.33,8,3,"['均线粘合', '形态收敛', '低点抬高']","['筹码集中度75%', '均线粘合(离散度1.02%)']"
600234,科新发展,21.6,8,3,"['地量', '均线粘合', '形态收敛']","['地量(均量50%)', '均线粘合(离散度0.85%)']"
600271,航天信息,6.69,8,4,"['地量', '均线粘合', '形态收敛', '低位']","['筹码集中度57%', '地量(均量47%)', '均线粘合(离散度0.68%)']"
600279,重庆港,4.33,8,3,"['地量', '均线粘合', '形态收敛']","['筹码集中度53%', '地量(均量50%)', '均线粘合(离散度1.85%)']"
600284,浦东建设,5.07,8,4,"['地量', '均线粘合', '形态收敛', '低位']","['筹码集中度51%', '地量(均量45%)', '均线粘合(离散度0.88%)']"
600298,安琪酵母,39.8,8,3,"['地量', '均线粘合', '形态收敛']","['筹码集中度83%', '地量(均量58%)', '均线粘合(离散度1.00%)']"
600320,振华重工,4.17,8,4,"['地量', '均线粘合', '形态收敛', '低位']","['筹码集中度53%', '地量(均量55%)', '均线粘合(离散度0.56%)']"
600322,津投城开,2.67,8,3,"['地量', '均线粘合', '形态收敛']","['筹码集中度86%', '地量(均量54%)', '均线粘合(离散度0.90%)']"
600326,西藏天路,6.83,8,4,"['地量', '均线粘合', '形态收敛', '低位']","['筹码集中度47%', '地量(均量44%)', '均线粘合(离散度2.43%)']"
600358,国旅联合,5.01,8,4,"['地量', '均线粘合', '形态收敛', '低位']","['地量(均量40%)', '均线粘合(离散度0.94%)']"
600366,宁波韵升,11.23,8,4,"['地量', '均线粘合', '形态收敛', '低位']","['地量(均量46%)', '均线粘合(离散度4.28%)']"
600372,中航机载,11.41,8,4,"['地量', '均线粘合', '低点抬高', '低位']","['筹码集中度71%', '地量(均量51%)', '均线粘合(离散度1.19%)']"
600376,首开股份,3.17,8,4,"['地量', '均线粘合', '形态收敛', '低位']","['地量(均量44%)', '均线粘合(离散度4.93%)']"
600379,宝光股份,14.43,8,3,"['地量', '均线粘合', '形态收敛']","['筹码集中度52%', '地量(均量48%)', '均线粘合(离散度1.83%)']"
600388,紫金龙净,17.45,8,3,"['地量', '均线粘合', '形态收敛']","['筹码集中度88%', '地量(均量44%)', '均线粘合(离散度2.12%)']"
600396,华电辽能,13.65,8,3,"['地量', '均线粘合', '形态收敛']","['地量(均量58%)', '均线粘合(离散度2.35%)']"
600415,小商品城,11.82,8,3,"['地量', '均线粘合', '形态收敛']","['筹码集中度71%', '地量(均量43%)', '均线粘合(离散度2.25%)']"
600419,天润乳业,8.56,8,3,"['地量', '均线粘合', '形态收敛']","['筹码集中度77%', '地量(均量58%)', '均线粘合(离散度1.99%)']"
600426,华鲁恒升,19.47,8,4,"['地量', '均线粘合', '形态收敛', '低位']","['筹码集中度59%', '地量(均量58%)', '均线粘合(离散度1.59%)']"
600428,中远海特,11.17,8,3,"['地量', '均线粘合', '形态收敛']","['筹码集中度49%', '地量(均量50%)', '均线粘合(离散度2.18%)']"
600446,金证股份,10.48,8,4,"['地量', '均线粘合', '形态收敛', '低位']","['筹码集中度47%', '地量(均量54%)', '均线粘合(离散度1.40%)']"
600477,杭萧钢构,2.42,8,4,"['地量', '均线粘合', '形态收敛', '低位']","['筹码集中度58%', '地量(均量47%)', '均线粘合(离散度1.13%)']"
600482,中国动力,33.95,8,3,"['地量', '均线粘合', '形态收敛']","['筹码集中度60%', '地量(均量47%)', '均线粘合(离散度2.76%)']"
600499,科达制造,13.44,8,4,"['地量', '均线粘合', '形态收敛', '低位']","['地量(均量48%)', '均线粘合(离散度2.26%)']"
600507,方大特钢,4.1,8,4,"['地量', '均线粘合', '形态收敛', '低位']","['筹码集中度53%', '地量(均量48%)', '均线粘合(离散度1.12%)']"
600511,国药股份,26.06,8,4,"['地量', '均线粘合', '形态收敛', '低位']","['筹码集中度100%', '地量(均量51%)', '均线粘合(离散度1.19%)']"
600513,联环药业,14.85,8,4,"['地量', '均线粘合', '形态收敛', '低位']","['地量(均量33%)', '均线粘合(离散度3.62%)']"
600516,方大炭素,5.6,8,3,"['均线粘合', '形态收敛', '低点抬高']","['筹码集中度83%', '均线粘合(离散度0.81%)']"
600519,贵州茅台,1257.12,8,3,"['地量', '均线粘合', '形态收敛']","['筹码集中度90%', '地量(均量58%)', '均线粘合(离散度0.71%)']"
600523,贵航股份,11.82,8,3,"['地量', '均线粘合', '形态收敛']","['筹码集中度72%', '地量(均量53%)', '均线粘合(离散度1.58%)']"
600526,菲达环保,4.56,8,3,"['地量', '均线粘合', '形态收敛']","['筹码集中度65%', '地量(均量57%)', '均线粘合(离散度1.87%)']"
600529,山东药玻,18.43,8,3,"['地量', '均线粘合', '形态收敛']","['筹码集中度100%', '地量(均量33%)', '均线粘合(离散度1.13%)']"
600531,豫光金铅,12.31,8,4,"['地量', '均线粘合', '形态收敛', '低位']","['筹码集中度41%', '地量(均量43%)', '均线粘合(离散度2.72%)']"
600546,山煤国际,13.39,8,3,"['地量', '均线粘合', '形态收敛']","['筹码集中度75%', '地量(均量58%)', '均线粘合(离散度2.04%)']"
600549,厦门钨业,50.49,8,4,"['地量', '均线粘合', '形态收敛', '低位']","['地量(均量45%)', '均线粘合(离散度4.66%)']"
600559,老白干酒,11.03,8,4,"['地量', '均线粘合', '形态收敛', '低位']","['筹码集中度54%', '地量(均量53%)', '均线粘合(离散度1.93%)']"
600563,法拉电子,124.46,8,4,"['地量', '均线粘合', '形态收敛', '低位']","['筹码集中度48%', '地量(均量45%)', '均线粘合(离散度3.76%)']"
600566,济川药业,25.19,8,3,"['地量', '均线粘合', '形态收敛']","['筹码集中度94%', '地量(均量48%)', '均线粘合(离散度0.20%)']"
600572,康恩贝,4.26,8,3,"['地量', '均线粘合', '形态收敛']","['筹码集中度86%', '地量(均量50%)', '均线粘合(离散度0.86%)']"
600583,海油工程,6.06,8,3,"['地量', '均线粘合', '形态收敛']","['筹码集中度63%', '地量(均量38%)', '均线粘合(离散度3.29%)']"
600585,海螺水泥,17.02,8,4,"['地量', '均线粘合', '形态收敛', '低位']","['筹码集中度63%', '地量(均量45%)', '均线粘合(离散度1.06%)']"
600596,新安股份,11.99,8,4,"['均线粘合', '形态收敛', '低点抬高', '低位']","['筹码集中度51%', '均线粘合(离散度3.17%)']"
600615,鑫源智造,9.31,8,3,"['地量', '均线粘合', '形态收敛']","['筹码集中度47%', '地量(均量34%)', '均线粘合(离散度1.63%)']"
600617,国新能源,3.27,8,3,"['地量', '均线粘合', '形态收敛']","['筹码集中度63%', '地量(均量41%)', '均线粘合(离散度2.13%)']"
600619,海立股份,13.26,8,4,"['地量', '均线粘合', '形态收敛', '低位']","['地量(均量41%)', '均线粘合(离散度2.18%)']"
600633,浙数文化,10.28,8,4,"['地量', '均线粘合', '形态收敛', '低位']","['筹码集中度44%', '地量(均量44%)', '均线粘合(离散度1.32%)']"
600644,乐山电力,9.78,8,3,"['均线粘合', '形态收敛', '低点抬高']","['筹码集中度50%', '均线粘合(离散度2.88%)']"
600645,中源协和,18.19,8,4,"['地量', '均线粘合', '形态收敛', '低位']","['筹码集中度51%', '地量(均量48%)', '均线粘合(离散度2.06%)']"
600650,锦江在线,10.31,8,4,"['地量', '均线粘合', '形态收敛', '低位']","['筹码集中度64%', '地量(均量49%)', '均线粘合(离散度1.54%)']"
600651,飞乐音响,5.2,8,4,"['地量', '均线粘合', '形态收敛', '低位']","['地量(均量52%)', '均线粘合(离散度2.67%)']"
600658,电子城,4.07,8,4,"['地量', '均线粘合', '形态收敛', '低位']","['筹码集中度50%', '地量(均量55%)', '均线粘合(离散度1.27%)']"
600690,海尔智家,20.68,8,3,"['地量', '均线粘合', '形态收敛']","['筹码集中度99%', '地量(均量55%)', '均线粘合(离散度0.74%)']"
600704,物产中大,4.9,8,3,"['地量', '均线粘合', '形态收敛']","['筹码集中度100%', '地量(均量59%)', '均线粘合(离散度0.46%)']"
600711,盛屯矿业,11.03,8,3,"['地量', '均线粘合', '形态收敛']","['筹码集中度49%', '地量(均量43%)', '均线粘合(离散度2.05%)']"
600713,南京医药,5.03,8,4,"['地量', '均线粘合', '形态收敛', '低位']","['筹码集中度74%', '地量(均量44%)', '均线粘合(离散度0.87%)']"
600716,凤凰股份,3.56,8,3,"['地量', '均线粘合', '形态收敛']","['筹码集中度58%', '地量(均量55%)', '均线粘合(离散度2.04%)']"
600724,宁波富达,4.96,8,4,"['地量', '均线粘合', '形态收敛', '低位']","['地量(均量44%)', '均线粘合(离散度1.35%)']"
600726,华电能源,5.27,8,4,"['地量', '均线粘合', '形态收敛', '低位']","['地量(均量40%)', '均线粘合(离散度4.77%)']"
600727,鲁北化工,7.49,8,3,"['地量', '均线粘合', '形态收敛']","['筹码集中度87%', '地量(均量31%)', '均线粘合(离散度1.88%)']"
600783,鲁信创投,15.35,8,4,"['地量', '均线粘合', '形态收敛', '低位']","['地量(均量56%)', '均线粘合(离散度3.96%)']"
600795,国电电力,5.26,8,3,"['地量', '均线粘合', '形态收敛']","['筹码集中度76%', '地量(均量54%)', '均线粘合(离散度2.38%)']"
600796,钱江生化,5.01,8,4,"['地量', '均线粘合', '形态收敛', '低位']","['筹码集中度63%', '地量(均量54%)', '均线粘合(离散度1.60%)']"
600801,华新建材,24.3,8,3,"['地量', '均线粘合', '形态收敛']","['地量(均量31%)', '均线粘合(离散度4.87%)']"
600805,悦达投资,4.48,8,3,"['地量', '均线粘合', '形态收敛']","['筹码集中度61%', '地量(均量52%)', '均线粘合(离散度1.95%)']"
600807,济高发展,2.59,8,3,"['地量', '均线粘合', '形态收敛']","['筹码集中度59%', '地量(均量56%)', '均线粘合(离散度2.15%)']"
600809,山西汾酒,112.7,8,3,"['地量', '均线粘合', '形态收敛']","['筹码集中度71%', '地量(均量46%)', '均线粘合(离散度1.38%)']"
600848,上海临港,8.51,8,3,"['地量', '均线粘合', '形态收敛']","['筹码集中度86%', '地量(均量49%)', '均线粘合(离散度1.15%)']"
600850,电科数字,14.01,8,4,"['地量', '均线粘合', '形态收敛', '低位']","['地量(均量40%)', '均线粘合(离散度1.92%)']"
600854,春兰股份,4.61,8,3,"['地量', '均线粘合', '形态收敛']","['筹码集中度56%', '地量(均量40%)', '均线粘合(离散度2.27%)']"
600855,航天长峰,13.28,8,4,"['均线粘合', '形态收敛', '低点抬高', '低位']",['均线粘合(离散度2.23%)']
600871,石化油服,2.17,8,4,"['地量', '均线粘合', '形态收敛', '低位']","['筹码集中度66%', '地量(均量47%)', '均线粘合(离散度1.23%)']"
600872,中炬高新,17.16,8,4,"['地量', '均线粘合', '形态收敛', '低位']","['筹码集中度51%', '地量(均量57%)', '均线粘合(离散度2.05%)']"
600874,创业环保,5.54,8,3,"['地量', '均线粘合', '形态收敛']","['筹码集中度100%', '地量(均量49%)', '均线粘合(离散度0.70%)']"
600875,东方电气,24.42,8,4,"['地量', '均线粘合', '形态收敛', '低位']","['地量(均量42%)', '均线粘合(离散度2.93%)']"
600885,宏发股份,34.08,8,3,"['地量', '均线粘合', '形态收敛']","['筹码集中度75%', '地量(均量41%)', '均线粘合(离散度0.52%)']"
600886,国投电力,14.3,8,3,"['地量', '均线粘合', '形态收敛']","['筹码集中度90%', '地量(均量49%)', '均线粘合(离散度1.21%)']"
600887,伊利股份,26.6,8,3,"['地量', '均线粘合', '形态收敛']","['筹码集中度100%', '地量(均量56%)', '均线粘合(离散度0.70%)']"
600895,张江高科,28.56,8,4,"['地量', '均线粘合', '形态收敛', '低位']","['地量(均量45%)', '均线粘合(离散度4.19%)']"
600916,中国黄金,7.48,8,4,"['地量', '均线粘合', '形态收敛', '低位']","['筹码集中度77%', '地量(均量47%)', '均线粘合(离散度1.76%)']"
600938,中国海油,32.3,8,3,"['地量', '均线粘合', '形态收敛']","['筹码集中度54%', '地量(均量50%)', '均线粘合(离散度2.42%)']"
600959,江苏有线,3.12,8,4,"['地量', '均线粘合', '形态收敛', '低位']","['筹码集中度46%', '地量(均量48%)', '均线粘合(离散度1.18%)']"
600971,恒源煤电,8.34,8,3,"['地量', '均线粘合', '形态收敛']","['筹码集中度66%', '地量(均量53%)', '均线粘合(离散度2.86%)']"
600977,中国电影,12.93,8,3,"['地量', '均线粘合', '形态收敛']","['筹码集中度74%', '地量(均量42%)', '均线粘合(离散度0.71%)']"
600979,广安爱众,4.03,8,4,"['地量', '均线粘合', '形态收敛', '低位']","['地量(均量46%)', '均线粘合(离散度1.03%)']"
600982,宁波能源,5.2,8,4,"['地量', '均线粘合', '形态收敛', '低位']","['筹码集中度48%', '地量(均量52%)', '均线粘合(离散度1.88%)']"
600987,航民股份,6.34,8,4,"['地量', '均线粘合', '形态收敛', '低位']","['筹码集中度79%', '地量(均量45%)', '均线粘合(离散度0.97%)']"
600989,宝丰能源,23.59,8,3,"['地量', '均线粘合', '形态收敛']","['筹码集中度53%', '地量(均量44%)', '均线粘合(离散度2.37%)']"
600996,贵广网络,6.92,8,4,"['地量', '均线粘合', '形态收敛', '低位']","['地量(均量46%)', '均线粘合(离散度1.38%)']"
600999,招商证券,17.59,8,3,"['地量', '均线粘合', '形态收敛']","['筹码集中度57%', '地量(均量54%)', '均线粘合(离散度2.55%)']"
601003,柳钢股份,3.56,8,4,"['地量', '均线粘合', '形态收敛', '低位']","['筹码集中度60%', '地量(均量57%)', '均线粘合(离散度1.65%)']"
601009,南京银行,11.8,8,3,"['均线粘合', '形态收敛', '低点抬高']","['筹码集中度88%', '均线粘合(离散度2.26%)']"
601033,永兴股份,14.38,8,3,"['地量', '均线粘合', '形态收敛']","['筹码集中度100%', '地量(均量43%)', '均线粘合(离散度0.77%)']"
601068,中铝国际,4.4,8,4,"['地量', '均线粘合', '形态收敛', '低位']","['筹码集中度43%', '地量(均量44%)', '均线粘合(离散度1.03%)']"
601088,中国神华,46.23,8,3,"['地量', '均线粘合', '形态收敛']","['筹码集中度81%', '地量(均量41%)', '均线粘合(离散度2.08%)']"
601098,中南传媒,10.28,8,3,"['均线粘合', '形态收敛', '低点抬高']","['筹码集中度100%', '均线粘合(离散度0.44%)']"
601137,博威合金,20.5,8,3,"['地量', '均线粘合', '形态收敛']","['筹码集中度50%', '地量(均量53%)', '均线粘合(离散度2.07%)']"
601138,工业富联,62.71,8,3,"['地量', '均线粘合', '形态收敛']","['筹码集中度59%', '地量(均量59%)', '均线粘合(离散度0.97%)']"
601156,东航物流,18.08,8,3,"['地量', '均线粘合', '形态收敛']","['筹码集中度52%', '地量(均量42%)', '均线粘合(离散度2.50%)']"
601163,三角轮胎,12.39,8,4,"['地量', '均线粘合', '形态收敛', '低位']","['筹码集中度66%', '地量(均量44%)', '均线粘合(离散度1.30%)']"
601166,兴业银行,17.78,8,3,"['均线粘合', '形态收敛', '低点抬高']","['筹码集中度100%', '均线粘合(离散度0.27%)']"
601168,西部矿业,36.03,8,3,"['地量', '均线粘合', '形态收敛']","['筹码集中度42%', '地量(均量54%)', '均线粘合(离散度2.88%)']"
601211,国泰海通,17.5,8,3,"['地量', '均线粘合', '形态收敛']","['筹码集中度84%', '地量(均量50%)', '均线粘合(离散度1.70%)']"
601225,陕西煤业,25.2,8,3,"['地量', '均线粘合', '形态收敛']","['筹码集中度85%', '地量(均量53%)', '均线粘合(离散度1.96%)']"
601229,上海银行,9.56,8,3,"['均线粘合', '形态收敛', '低点抬高']","['筹码集中度100%', '均线粘合(离散度1.26%)']"
601238,广汽集团,5.09,8,4,"['均线粘合', '形态收敛', '低点抬高', '低位']","['筹码集中度64%', '均线粘合(离散度0.40%)']"
601339,百隆东方,7.27,8,4,"['地量', '均线粘合', '形态收敛', '低位']","['筹码集中度84%', '地量(均量50%)', '均线粘合(离散度1.57%)']"
601368,绿城水务,4.45,8,3,"['地量', '均线粘合', '形态收敛']","['筹码集中度83%', '地量(均量47%)', '均线粘合(离散度0.84%)']"
601398,工商银行,8.07,8,3,"['均线粘合', '形态收敛', '低点抬高']","['筹码集中度75%', '均线粘合(离散度2.05%)']"
601568,北元化工,3.64,8,4,"['地量', '均线粘合', '形态收敛', '低位']","['筹码集中度80%', '地量(均量41%)', '均线粘合(离散度1.36%)']"
601598,中国外运,6.47,8,3,"['地量', '均线粘合', '形态收敛']","['筹码集中度75%', '地量(均量55%)', '均线粘合(离散度2.33%)']"
601618,中国中冶,2.54,8,4,"['地量', '均线粘合', '形态收敛', '低位']","['筹码集中度66%', '地量(均量51%)', '均线粘合(离散度0.72%)']"
601677,明泰铝业,16.91,8,3,"['地量', '均线粘合', '形态收敛']","['筹码集中度86%', '地量(均量55%)', '均线粘合(离散度0.70%)']"
601678,滨化股份,6.0,8,3,"['地量', '均线粘合', '形态收敛']","['筹码集中度62%', '地量(均量47%)', '均线粘合(离散度2.63%)']"
601686,友发集团,5.08,8,4,"['地量', '均线粘合', '形态收敛', '低位']","['筹码集中度78%', '地量(均量48%)', '均线粘合(离散度0.65%)']"
601688,华泰证券,18.33,8,4,"['地量', '均线粘合', '形态收敛', '低位']","['筹码集中度82%', '地量(均量53%)', '均线粘合(离散度1.81%)']"
601698,中国卫通,24.21,8,4,"['地量', '均线粘合', '形态收敛', '低位']","['地量(均量44%)', '均线粘合(离散度3.90%)']"
601727,上海电气,6.5,8,4,"['地量', '均线粘合', '形态收敛', '低位']","['地量(均量40%)', '均线粘合(离散度1.34%)']"
601728,中国电信,6.19,8,3,"['地量', '均线粘合', '形态收敛']","['筹码集中度77%', '地量(均量43%)', '均线粘合(离散度1.59%)']"
601816,京沪高铁,4.75,8,3,"['地量', '均线粘合', '形态收敛']","['筹码集中度100%', '地量(均量55%)', '均线粘合(离散度0.54%)']"
601827,三峰环境,7.89,8,3,"['地量', '均线粘合', '形态收敛']","['筹码集中度96%', '地量(均量52%)', '均线粘合(离散度0.42%)']"
601858,中国科传,20.24,8,3,"['地量', '均线粘合', '形态收敛']","['地量(均量54%)', '均线粘合(离散度2.05%)']"
601865,福莱特,9.29,8,4,"['地量', '均线粘合', '形态收敛', '低位']","['地量(均量56%)', '均线粘合(离散度2.92%)']"
601877,正泰电器,25.26,8,4,"['地量', '均线粘合', '形态收敛', '低位']","['筹码集中度52%', '地量(均量52%)', '均线粘合(离散度0.78%)']"
601888,中国中免,52.0,8,4,"['地量', '均线粘合', '形态收敛', '低位']","['筹码集中度63%', '地量(均量44%)', '均线粘合(离散度1.57%)']"
601899,紫金矿业,31.41,8,3,"['地量', '均线粘合', '形态收敛']","['筹码集中度75%', '地量(均量58%)', '均线粘合(离散度2.28%)']"
601916,浙商银行,2.9,8,3,"['均线粘合', '形态收敛', '低点抬高']","['筹码集中度100%', '均线粘合(离散度0.79%)']"
601939,建设银行,10.81,8,3,"['均线粘合', '形态收敛', '低点抬高']","['筹码集中度71%', '均线粘合(离散度2.10%)']"
601968,宝钢包装,4.53,8,3,"['地量', '均线粘合', '形态收敛']","['筹码集中度65%', '地量(均量58%)', '均线粘合(离散度1.72%)']"
601991,大唐发电,5.58,8,3,"['地量', '均线粘合', '形态收敛']","['地量(均量38%)', '均线粘合(离散度3.77%)']"
603015,弘讯科技,10.72,8,3,"['地量', '均线粘合', '形态收敛']","['地量(均量45%)', '均线粘合(离散度0.93%)']"
603019,中科曙光,84.3,8,4,"['地量', '均线粘合', '形态收敛', '低位']","['筹码集中度51%', '地量(均量47%)', '均线粘合(离散度3.47%)']"
603020,爱普股份,11.43,8,3,"['均线粘合', '形态收敛', '低点抬高']","['筹码集中度54%', '均线粘合(离散度2.13%)']"
603037,凯众股份,9.79,8,4,"['地量', '均线粘合', '形态收敛', '低位']","['地量(均量46%)', '均线粘合(离散度1.21%)']"
603039,泛微网络,35.95,8,3,"['地量', '均线粘合', '形态收敛']","['地量(均量50%)', '均线粘合(离散度2.57%)']"
603067,振华股份,35.14,8,3,"['均线粘合', '形态收敛', '低点抬高']","['筹码集中度60%', '均线粘合(离散度0.96%)']"
603072,天和磁材,30.37,8,4,"['地量', '均线粘合', '形态收敛', '低位']","['地量(均量47%)', '均线粘合(离散度3.12%)']"
603080,新疆火炬,19.48,8,4,"['地量', '均线粘合', '形态收敛', '低位']","['筹码集中度68%', '地量(均量44%)', '均线粘合(离散度1.52%)']"
603081,大丰实业,9.35,8,4,"['地量', '均线粘合', '形态收敛', '低位']","['筹码集中度50%', '地量(均量54%)', '均线粘合(离散度2.34%)']"
603119,浙江荣泰,55.06,8,3,"['均线粘合', '形态收敛', '低点抬高']",['均线粘合(离散度1.78%)']
603125,常青科技,23.9,8,3,"['地量', '均线粘合', '形态收敛']","['筹码集中度52%', '地量(均量55%)', '均线粘合(离散度1.01%)']"
603126,中材节能,6.24,8,4,"['地量', '均线粘合', '形态收敛', '低位']","['地量(均量44%)', '均线粘合(离散度1.47%)']"
603160,汇顶科技,53.25,8,4,"['地量', '均线粘合', '形态收敛', '低位']","['筹码集中度53%', '地量(均量56%)', '均线粘合(离散度1.07%)']"
603165,荣晟环保,13.48,8,3,"['地量', '均线粘合', '形态收敛']","['筹码集中度56%', '地量(均量39%)', '均线粘合(离散度1.62%)']"
603170,宝立食品,11.88,8,3,"['地量', '均线粘合', '形态收敛']","['筹码集中度85%', '地量(均量50%)', '均线粘合(离散度0.99%)']"
603178,圣龙股份,15.7,8,4,"['地量', '均线粘合', '形态收敛', '低位']","['筹码集中度40%', '地量(均量48%)', '均线粘合(离散度2.43%)']"
603196,璞源材料,19.33,8,4,"['地量', '均线粘合', '形态收敛', '低位']","['地量(均量40%)', '均线粘合(离散度3.02%)']"
603202,天有为,51.75,8,4,"['地量', '均线粘合', '形态收敛', '低位']","['筹码集中度45%', '地量(均量56%)', '均线粘合(离散度0.88%)']"
603222,济民健康,7.77,8,4,"['地量', '均线粘合', '形态收敛', '低位']","['地量(均量49%)', '均线粘合(离散度3.08%)']"
603223,恒通股份,10.02,8,4,"['地量', '均线粘合', '形态收敛', '低位']","['筹码集中度54%', '地量(均量48%)', '均线粘合(离散度4.28%)']"
603229,奥翔药业,7.58,8,4,"['地量', '均线粘合', '形态收敛', '低位']","['地量(均量52%)', '均线粘合(离散度1.60%)']"
603239,浙江仙通,13.82,8,4,"['地量', '均线粘合', '形态收敛', '低位']","['地量(均量40%)', '均线粘合(离散度1.37%)']"
603260,合盛硅业,32.6,8,4,"['地量', '均线粘合', '形态收敛', '低位']","['地量(均量42%)', '均线粘合(离散度4.34%)']"
603281,江瀚新材,18.67,8,4,"['地量', '均线粘合', '形态收敛', '低位']","['地量(均量60%)', '均线粘合(离散度4.86%)']"
603313,梦百合,6.81,8,3,"['均线粘合', '形态收敛', '低点抬高']","['筹码集中度47%', '均线粘合(离散度2.27%)']"
603316,诚邦股份,16.69,8,3,"['均线粘合', '形态收敛', '低点抬高']",['均线粘合(离散度2.72%)']
603319,美湖股份,29.25,8,3,"['地量', '均线粘合', '形态收敛']","['地量(均量56%)', '均线粘合(离散度1.20%)']"
603326,我乐家居,7.21,8,4,"['地量', '均线粘合', '形态收敛', '低点抬高']","['筹码集中度47%', '地量(均量53%)', '均线粘合(离散度4.02%)']"
603331,百达精工,12.83,8,3,"['地量', '均线粘合', '形态收敛']","['地量(均量37%)', '均线粘合(离散度3.38%)']"
603335,迪生力,6.19,8,4,"['地量', '均线粘合', '形态收敛', '低位']","['地量(均量43%)', '均线粘合(离散度3.04%)']"
603338,浙江鼎力,54.14,8,3,"['地量', '均线粘合', '形态收敛']","['筹码集中度78%', '地量(均量43%)', '均线粘合(离散度1.69%)']"
603348,文灿股份,13.82,8,4,"['地量', '均线粘合', '形态收敛', '低位']","['筹码集中度55%', '地量(均量51%)', '均线粘合(离散度1.22%)']"
603381,永臻股份,14.66,8,4,"['地量', '均线粘合', '形态收敛', '低位']","['筹码集中度41%', '地量(均量54%)', '均线粘合(离散度1.47%)']"
603387,基蛋生物,9.42,8,3,"['地量', '均线粘合', '形态收敛']","['筹码集中度85%', '地量(均量51%)', '均线粘合(离散度1.70%)']"
603459,红板科技,89.3,8,3,"['地量', '均线粘合', '形态收敛']","['地量(均量43%)', '均线粘合(离散度0.94%)']"
603486,科沃斯,49.93,8,4,"['地量', '均线粘合', '形态收敛', '低位']","['地量(均量51%)', '均线粘合(离散度3.39%)']"
603489,八方股份,28.94,8,3,"['地量', '均线粘合', '形态收敛']","['地量(均量58%)', '均线粘合(离散度2.00%)']"
603505,金石资源,15.42,8,4,"['地量', '均线粘合', '形态收敛', '低位']","['地量(均量46%)', '均线粘合(离散度3.80%)']"
603598,引力传媒,17.24,8,4,"['地量', '均线粘合', '形态收敛', '低位']","['筹码集中度43%', '地量(均量50%)', '均线粘合(离散度1.52%)']"
603602,纵横通信,11.35,8,3,"['地量', '均线粘合', '形态收敛']","['地量(均量43%)', '均线粘合(离散度1.87%)']"
603610,麒盛科技,13.71,8,4,"['地量', '均线粘合', '形态收敛', '低位']","['地量(均量44%)', '均线粘合(离散度3.16%)']"
603633,徕木股份,6.45,8,3,"['地量', '均线粘合', '形态收敛']","['地量(均量42%)', '均线粘合(离散度1.33%)']"
603656,泰禾智能,17.32,8,4,"['地量', '均线粘合', '形态收敛', '低位']","['筹码集中度66%', '地量(均量54%)', '均线粘合(离散度0.31%)']"
603659,璞泰来,22.27,8,4,"['地量', '均线粘合', '形态收敛', '低位']","['地量(均量28%)', '均线粘合(离散度3.27%)']"
603662,柯力传感,49.05,8,4,"['地量', '均线粘合', '形态收敛', '低位']","['地量(均量48%)', '均线粘合(离散度4.79%)']"
603663,三祥新材,45.29,8,3,"['均线粘合', '形态收敛', '低点抬高']","['筹码集中度43%', '均线粘合(离散度2.35%)']"
603667,五洲新春,51.11,8,4,"['地量', '均线粘合', '形态收敛', '低位']","['地量(均量60%)', '均线粘合(离散度4.17%)']"
603687,大胜达,16.07,8,3,"['地量', '均线粘合', '形态收敛']","['筹码集中度52%', '地量(均量48%)', '均线粘合(离散度2.00%)']"
603698,航天工程,21.95,8,4,"['地量', '形态收敛', '低点抬高', '低位']",['地量(均量47%)']
603701,德宏股份,19.92,8,3,"['地量', '均线粘合', '形态收敛']","['地量(均量55%)', '均线粘合(离散度0.25%)']"
603717,天域生物,5.8,8,4,"['地量', '均线粘合', '形态收敛', '低位']","['地量(均量53%)', '均线粘合(离散度2.86%)']"
603757,大元泵业,68.2,8,3,"['地量', '均线粘合', '形态收敛']","['地量(均量59%)', '均线粘合(离散度1.36%)']"
603766,隆鑫通用,14.81,8,3,"['地量', '均线粘合', '形态收敛']","['筹码集中度61%', '地量(均量46%)', '均线粘合(离散度2.70%)']"
603768,常青股份,11.34,8,3,"['地量', '均线粘合', '形态收敛']","['筹码集中度78%', '地量(均量51%)', '均线粘合(离散度2.68%)']"
603790,雅运股份,24.54,8,3,"['地量', '均线粘合', '形态收敛']","['筹码集中度56%', '地量(均量45%)', '均线粘合(离散度1.79%)']"
603798,康普顿,13.02,8,4,"['地量', '均线粘合', '形态收敛', '低位']","['地量(均量50%)', '均线粘合(离散度2.11%)']"
603806,福斯特,14.37,8,4,"['地量', '均线粘合', '形态收敛', '低位']","['地量(均量47%)', '均线粘合(离散度1.54%)']"
603809,豪能股份,8.57,8,4,"['地量', '均线粘合', '形态收敛', '低位']","['地量(均量46%)', '均线粘合(离散度2.16%)']"
603810,丰山集团,11.65,8,4,"['地量', '均线粘合', '形态收敛', '低位']","['筹码集中度57%', '地量(均量58%)', '均线粘合(离散度1.94%)']"
603878,武进不锈,4.87,8,4,"['地量', '均线粘合', '形态收敛', '低位']","['筹码集中度44%', '地量(均量44%)', '均线粘合(离散度1.31%)']"
603886,元祖股份,12.11,8,3,"['地量', '均线粘合', '形态收敛']","['筹码集中度87%', '地量(均量60%)', '均线粘合(离散度2.59%)']"
603903,中持股份,13.94,8,3,"['地量', '均线粘合', '形态收敛']","['筹码集中度50%', '地量(均量41%)', '均线粘合(离散度1.62%)']"
603967,中创物流,11.67,8,3,"['地量', '均线粘合', '形态收敛']","['筹码集中度68%', '地量(均量47%)', '均线粘合(离散度0.82%)']"
603978,深圳新星,22.82,8,3,"['均线粘合', '形态收敛', '低点抬高']",['均线粘合(离散度1.10%)']
603979,金诚信,73.33,8,3,"['地量', '均线粘合', '形态收敛']","['筹码集中度51%', '地量(均量37%)', '均线粘合(离散度2.87%)']"
603993,洛阳钼业,17.51,8,4,"['地量', '均线粘合', '形态收敛', '低位']","['筹码集中度66%', '地量(均量46%)', '均线粘合(离散度2.01%)']"
605020,永和股份,32.22,8,3,"['地量', '均线粘合', '形态收敛']","['筹码集中度57%', '地量(均量31%)', '均线粘合(离散度3.43%)']"
605028,世茂能源,24.25,8,3,"['地量', '均线粘合', '形态收敛']","['筹码集中度60%', '地量(均量41%)', '均线粘合(离散度0.88%)']"
605060,联德股份,39.6,8,4,"['地量', '均线粘合', '形态收敛', '低位']","['地量(均量46%)', '均线粘合(离散度3.95%)']"
605089,味知香,20.45,8,4,"['地量', '均线粘合', '形态收敛', '低位']","['筹码集中度54%', '地量(均量59%)', '均线粘合(离散度1.86%)']"
605116,奥锐特,19.76,8,4,"['地量', '均线粘合', '形态收敛', '低位']","['筹码集中度56%', '地量(均量56%)', '均线粘合(离散度1.34%)']"
605117,德业股份,84.63,8,4,"['地量', '均线粘合', '形态收敛', '低位']","['地量(均量48%)', '均线粘合(离散度2.10%)']"
605122,四方新材,11.46,8,3,"['地量', '均线粘合', '形态收敛']","['筹码集中度48%', '地量(均量58%)', '均线粘合(离散度2.15%)']"
605138,盛泰集团,5.95,8,4,"['地量', '均线粘合', '形态收敛', '低位']","['筹码集中度49%', '地量(均量51%)', '均线粘合(离散度1.80%)']"
605151,西上海,18.21,8,3,"['地量', '均线粘合', '形态收敛']","['筹码集中度60%', '地量(均量58%)', '均线粘合(离散度1.71%)']"
605155,西大门,14.35,8,3,"['地量', '均线粘合', '形态收敛']","['筹码集中度66%', '地量(均量46%)', '均线粘合(离散度2.27%)']"
605166,聚合顺,8.27,8,4,"['地量', '均线粘合', '形态收敛', '低位']","['地量(均量41%)', '均线粘合(离散度1.31%)']"
605196,华通线缆,31.47,8,4,"['地量', '均线粘合', '形态收敛', '低位']","['地量(均量41%)', '均线粘合(离散度3.75%)']"
605255,天普股份,61.27,8,4,"['地量', '均线粘合', '形态收敛', '低位']","['地量(均量29%)', '均线粘合(离散度4.44%)']"
605303,园林股份,23.68,8,4,"['地量', '均线粘合', '形态收敛', '低点抬高']","['筹码集中度51%', '地量(均量40%)', '均线粘合(离散度4.49%)']"
605339,南侨食品,12.82,8,4,"['地量', '均线粘合', '形态收敛', '低位']","['筹码集中度58%', '地量(均量59%)', '均线粘合(离散度2.09%)']"
605488,福莱新材,30.1,8,3,"['均线粘合', '形态收敛', '低点抬高']","['筹码集中度45%', '均线粘合(离散度1.40%)']"
605589,圣泉集团,41.09,8,4,"['均线粘合', '形态收敛', '低点抬高', '低位']","['筹码集中度44%', '均线粘合(离散度3.70%)']"
688035,德邦科技,78.49,8,3,"['均线粘合', '形态收敛', '低点抬高']",['均线粘合(离散度2.85%)']
688038,中科通达,18.91,8,3,"['地量', '均线粘合', '形态收敛']","['筹码集中度53%', '地量(均量44%)', '均线粘合(离散度2.34%)']"
688056,莱伯泰科,42.29,8,4,"['地量', '均线粘合', '形态收敛', '低位']","['地量(均量55%)', '均线粘合(离散度3.02%)']"
688077,大地熊,26.9,8,3,"['地量', '均线粘合', '形态收敛']","['筹码集中度53%', '地量(均量59%)', '均线粘合(离散度1.62%)']"
688085,三友医疗,12.47,8,4,"['地量', '均线粘合', '形态收敛', '低位']","['筹码集中度56%', '地量(均量50%)', '均线粘合(离散度1.83%)']"
688088,虹软科技,29.66,8,4,"['地量', '均线粘合', '形态收敛', '低位']","['地量(均量49%)', '均线粘合(离散度3.98%)']"
688102,斯瑞新材,31.5,8,4,"['地量', '均线粘合', '形态收敛', '低位']","['地量(均量43%)', '均线粘合(离散度4.16%)']"
688111,金山办公,223.61,8,3,"['地量', '均线粘合', '形态收敛']","['筹码集中度53%', '地量(均量56%)', '均线粘合(离散度2.35%)']"
688113,联测科技,34.81,8,4,"['地量', '均线粘合', '形态收敛', '低位']","['筹码集中度51%', '地量(均量41%)', '均线粘合(离散度1.43%)']"
688153,唯捷创芯,25.67,8,4,"['地量', '均线粘合', '形态收敛', '低位']","['地量(均量51%)', '均线粘合(离散度3.39%)']"
688156,路德科技,22.25,8,3,"['均线粘合', '形态收敛', '低点抬高']",['均线粘合(离散度2.24%)']
688160,步科股份,97.65,8,4,"['地量', '均线粘合', '形态收敛', '低位']","['地量(均量44%)', '均线粘合(离散度4.34%)']"
688176,亚虹医药,12.7,8,3,"['地量', '均线粘合', '形态收敛']","['筹码集中度64%', '地量(均量49%)', '均线粘合(离散度1.03%)']"
688178,万德斯,29.51,8,3,"['地量', '均线粘合', '形态收敛']","['地量(均量58%)', '均线粘合(离散度0.18%)']"
688182,灿勤科技,29.15,8,3,"['地量', '均线粘合', '形态收敛']","['地量(均量57%)', '均线粘合(离散度1.94%)']"
688192,迪哲医药,57.45,8,3,"['地量', '均线粘合', '形态收敛']","['筹码集中度62%', '地量(均量47%)', '均线粘合(离散度1.24%)']"
688193,仁度生物,45.55,8,4,"['地量', '均线粘合', '形态收敛', '低位']","['筹码集中度42%', '地量(均量46%)', '均线粘合(离散度2.43%)']"
688228,开普云,79.9,8,3,"['地量', '均线粘合', '形态收敛']","['筹码集中度43%', '地量(均量58%)', '均线粘合(离散度2.48%)']"
688232,新点软件,17.45,8,4,"['地量', '均线粘合', '形态收敛', '低位']","['筹码集中度54%', '地量(均量54%)', '均线粘合(离散度1.67%)']"
688234,天岳先进,107.3,8,4,"['地量', '均线粘合', '形态收敛', '低位']","['地量(均量57%)', '均线粘合(离散度4.70%)']"
688246,嘉和美康,16.34,8,4,"['地量', '均线粘合', '形态收敛', '低位']","['地量(均量50%)', '均线粘合(离散度3.85%)']"
688259,创耀科技,31.92,8,3,"['地量', '均线粘合', '形态收敛']","['地量(均量52%)', '均线粘合(离散度0.96%)']"
688262,国芯科技,28.26,8,4,"['地量', '均线粘合', '形态收敛', '低位']","['地量(均量55%)', '均线粘合(离散度4.08%)']"
688271,联影医疗,101.0,8,4,"['地量', '均线粘合', '形态收敛', '低位']","['筹码集中度45%', '地量(均量44%)', '均线粘合(离散度2.29%)']"
688288,鸿泉技术,17.99,8,4,"['地量', '均线粘合', '形态收敛', '低位']","['地量(均量43%)', '均线粘合(离散度1.88%)']"
688295,中复神鹰,38.72,8,4,"['地量', '均线粘合', '形态收敛', '低位']","['地量(均量56%)', '均线粘合(离散度4.30%)']"
688307,中润光学,48.7,8,4,"['地量', '均线粘合', '形态收敛', '低位']","['地量(均量54%)', '均线粘合(离散度4.29%)']"
688316,青云科技,46.05,8,4,"['地量', '均线粘合', '形态收敛', '低位']","['地量(均量56%)', '均线粘合(离散度3.72%)']"
688320,禾川科技,33.6,8,3,"['地量', '均线粘合', '形态收敛']","['筹码集中度42%', '地量(均量55%)', '均线粘合(离散度1.24%)']"
688321,微芯生物,25.02,8,4,"['地量', '均线粘合', '形态收敛', '低位']","['地量(均量58%)', '均线粘合(离散度4.59%)']"
688337,普源精电,44.09,8,4,"['地量', '均线粘合', '形态收敛', '低位']","['地量(均量54%)', '均线粘合(离散度4.29%)']"
688353,华盛锂电,84.13,8,4,"['地量', '均线粘合', '形态收敛', '低位']","['地量(均量45%)', '均线粘合(离散度4.20%)']"
688365,光云科技,14.24,8,4,"['地量', '均线粘合', '形态收敛', '低位']","['地量(均量58%)', '均线粘合(离散度2.10%)']"
688369,致远互联,18.98,8,3,"['地量', '均线粘合', '形态收敛']","['地量(均量49%)', '均线粘合(离散度1.64%)']"
688439,振华风光,37.69,8,4,"['地量', '均线粘合', '形态收敛', '低位']","['地量(均量55%)', '均线粘合(离散度3.12%)']"
688469,芯联集成,8.72,8,3,"['地量', '均线粘合', '形态收敛']","['筹码集中度50%', '地量(均量57%)', '均线粘合(离散度0.66%)']"
688475,萤石网络,28.01,8,3,"['地量', '均线粘合', '形态收敛']","['筹码集中度89%', '地量(均量41%)', '均线粘合(离散度1.23%)']"
688486,龙迅股份,45.54,8,4,"['均线粘合', '形态收敛', '低点抬高', '低位']","['筹码集中度43%', '均线粘合(离散度3.84%)']"
688511,天微电子,23.28,8,3,"['地量', '均线粘合', '形态收敛']","['筹码集中度49%', '地量(均量46%)', '均线粘合(离散度1.38%)']"
688523,航天环宇,41.67,8,4,"['地量', '均线粘合', '形态收敛', '低位']","['地量(均量45%)', '均线粘合(离散度4.08%)']"
688531,日联科技,146.97,8,3,"['地量', '均线粘合', '形态收敛']","['地量(均量60%)', '均线粘合(离散度1.19%)']"
688551,科威尔,40.45,8,4,"['均线粘合', '形态收敛', '低点抬高', '低位']",['均线粘合(离散度4.16%)']
688559,海目星,59.52,8,3,"['均线粘合', '形态收敛', '低点抬高']",['均线粘合(离散度2.21%)']
688566,吉贝尔,26.2,8,3,"['地量', '均线粘合', '形态收敛']","['筹码集中度69%', '地量(均量56%)', '均线粘合(离散度0.43%)']"
688569,铁科轨道,18.42,8,3,"['地量', '均线粘合', '形态收敛']","['筹码集中度70%', '地量(均量56%)', '均线粘合(离散度2.49%)']"
688571,杭华股份,8.23,8,3,"['地量', '均线粘合', '形态收敛']","['筹码集中度57%', '地量(均量50%)', '均线粘合(离散度2.21%)']"
688576,西山科技,38.8,8,4,"['地量', '均线粘合', '形态收敛', '低位']","['筹码集中度47%', '地量(均量49%)', '均线粘合(离散度1.57%)']"
688593,新相微,31.13,8,3,"['均线粘合', '形态收敛', '低点抬高']","['筹码集中度54%', '均线粘合(离散度1.31%)']"
688597,煜邦电力,6.18,8,4,"['地量', '均线粘合', '形态收敛', '低位']","['地量(均量47%)', '均线粘合(离散度2.35%)']"
688607,康众科技,39.73,8,4,"['地量', '均线粘合', '形态收敛', '低位']","['地量(均量41%)', '均线粘合(离散度3.17%)']"
688616,西力科技,10.55,8,4,"['地量', '均线粘合', '形态收敛', '低位']","['筹码集中度54%', '地量(均量42%)', '均线粘合(离散度1.85%)']"
688638,誉辰智能,32.47,8,3,"['地量', '均线粘合', '形态收敛']","['地量(均量45%)', '均线粘合(离散度1.77%)']"
688657,浩辰软件,32.74,8,3,"['地量', '均线粘合', '形态收敛']","['筹码集中度53%', '地量(均量52%)', '均线粘合(离散度0.53%)']"
688665,四方光电,44.42,8,4,"['地量', '均线粘合', '形态收敛', '低位']","['地量(均量52%)', '均线粘合(离散度3.27%)']"
688671,碧兴物联,24.91,8,3,"['地量', '均线粘合', '形态收敛']","['筹码集中度54%', '地量(均量48%)', '均线粘合(离散度0.79%)']"
688693,锴威特,79.43,8,3,"['地量', '均线粘合', '形态收敛']","['地量(均量47%)', '均线粘合(离散度0.92%)']"
688698,伟创电气,43.3,8,4,"['地量', '均线粘合', '形态收敛', '低位']","['地量(均量45%)', '均线粘合(离散度4.67%)']"
688716,中研股份,25.87,8,4,"['地量', '均线粘合', '形态收敛', '低位']","['地量(均量45%)', '均线粘合(离散度4.50%)']"
688718,唯赛勃,14.11,8,3,"['地量', '均线粘合', '形态收敛']","['筹码集中度41%', '地量(均量48%)', '均线粘合(离散度0.73%)']"
688737,中自科技,16.98,8,4,"['地量', '均线粘合', '形态收敛', '低位']","['地量(均量56%)', '均线粘合(离散度2.16%)']"
688776,国光电气,46.44,8,4,"['地量', '均线粘合', '形态收敛', '低位']","['地量(均量54%)', '均线粘合(离散度3.39%)']"
688778,厦钨新能,45.22,8,4,"['地量', '均线粘合', '形态收敛', '低位']","['地量(均量55%)', '均线粘合(离散度2.24%)']"
688781,视涯科技,39.66,8,3,"['地量', '均线粘合', '形态收敛']","['筹码集中度47%', '地量(均量48%)', '均线粘合(离散度2.75%)']"
688788,科思科技,29.3,8,4,"['地量', '均线粘合', '形态收敛', '低位']","['筹码集中度43%', '地量(均量46%)', '均线粘合(离散度4.29%)']"
688793,倍轻松,17.45,8,4,"['地量', '均线粘合', '形态收敛', '低位']","['筹码集中度43%', '地量(均量56%)', '均线粘合(离散度2.59%)']"
688800,瑞可达,69.32,8,3,"['均线粘合', '形态收敛', '低点抬高']",['均线粘合(离散度1.84%)']
688805,健信超导,40.08,8,4,"['地量', '均线粘合', '形态收敛', '低位']","['地量(均量41%)', '均线粘合(离散度1.73%)']"
688816,易思维,48.19,8,4,"['地量', '均线粘合', '形态收敛', '低位']","['地量(均量53%)', '均线粘合(离散度3.06%)']"
000034,神州数码,23.48,8,4,"['地量', '均线粘合', '形态收敛', '低位']","['地量(均量44%)', '均线粘合(离散度3.39%)']"
000036,华联控股,3.9,8,4,"['地量', '均线粘合', '形态收敛', '低位']","['地量(均量59%)', '均线粘合(离散度2.67%)']"
000039,中集集团,9.15,8,3,"['地量', '均线粘合', '形态收敛']","['筹码集中度45%', '地量(均量47%)', '均线粘合(离散度2.99%)']"
000042,中洲控股,8.25,8,3,"['地量', '均线粘合', '形态收敛']","['筹码集中度64%', '地量(均量50%)', '均线粘合(离散度1.20%)']"
000045,深纺织A,11.08,8,3,"['地量', '均线粘合', '形态收敛']","['筹码集中度64%', '地量(均量36%)', '均线粘合(离散度3.28%)']"
000058,深赛格,7.03,8,3,"['地量', '均线粘合', '形态收敛']","['筹码集中度54%', '地量(均量60%)', '均线粘合(离散度2.63%)']"
000062,深圳华强,23.09,8,4,"['地量', '均线粘合', '形态收敛', '低位']","['地量(均量41%)', '均线粘合(离散度3.02%)']"
000063,中兴通讯,32.44,8,4,"['地量', '均线粘合', '形态收敛', '低位']","['筹码集中度41%', '地量(均量41%)', '均线粘合(离散度3.00%)']"
000065,北方国际,9.78,8,4,"['地量', '均线粘合', '形态收敛', '低位']","['地量(均量48%)', '均线粘合(离散度1.65%)']"
000096,广聚能源,7.97,8,3,"['地量', '均线粘合', '形态收敛']","['筹码集中度64%', '地量(均量58%)', '均线粘合(离散度2.13%)']"
000407,胜利股份,4.21,8,3,"['地量', '均线粘合', '形态收敛']","['筹码集中度70%', '地量(均量47%)', '均线粘合(离散度2.30%)']"
000411,英特集团,9.9,8,3,"['地量', '均线粘合', '形态收敛']","['筹码集中度59%', '地量(均量40%)', '均线粘合(离散度1.41%)']"
000507,珠海港,5.03,8,3,"['地量', '均线粘合', '形态收敛']","['筹码集中度96%', '地量(均量47%)', '均线粘合(离散度0.98%)']"
000516,国际医学,4.24,8,4,"['地量', '均线粘合', '形态收敛', '低位']","['筹码集中度78%', '地量(均量53%)', '均线粘合(离散度0.73%)']"
000518,四环生物,3.82,8,3,"['地量', '均线粘合', '形态收敛']","['筹码集中度72%', '地量(均量46%)', '均线粘合(离散度0.74%)']"
000525,红太阳,4.53,8,4,"['地量', '均线粘合', '形态收敛', '低位']","['筹码集中度58%', '地量(均量49%)', '均线粘合(离散度2.32%)']"
000534,万泽股份,23.87,8,4,"['地量', '均线粘合', '形态收敛', '低位']","['地量(均量47%)', '均线粘合(离散度4.27%)']"
000544,中原环保,7.26,8,4,"['地量', '均线粘合', '形态收敛', '低位']","['筹码集中度77%', '地量(均量44%)', '均线粘合(离散度0.32%)']"
000548,湖南投资,4.57,8,3,"['地量', '均线粘合', '形态收敛']","['筹码集中度57%', '地量(均量47%)', '均线粘合(离散度2.02%)']"
000553,安道麦A,5.59,8,4,"['地量', '均线粘合', '形态收敛', '低位']","['筹码集中度53%', '地量(均量43%)', '均线粘合(离散度1.57%)']"
000570,苏常柴A,5.26,8,4,"['地量', '均线粘合', '形态收敛', '低位']","['筹码集中度52%', '地量(均量47%)', '均线粘合(离散度1.67%)']"
000573,粤宏远A,3.73,8,4,"['地量', '均线粘合', '形态收敛', '低位']","['筹码集中度48%', '地量(均量43%)', '均线粘合(离散度1.32%)']"
000581,威孚高科,18.15,8,3,"['地量', '均线粘合', '形态收敛']","['筹码集中度93%', '地量(均量33%)', '均线粘合(离散度1.50%)']"
000590,古汉医药,8.88,8,4,"['地量', '均线粘合', '形态收敛', '低位']","['筹码集中度53%', '地量(均量51%)', '均线粘合(离散度2.27%)']"
000600,建投能源,7.3,8,4,"['地量', '均线粘合', '形态收敛', '低位']","['地量(均量33%)', '均线粘合(离散度4.45%)']"
000629,钒钛股份,2.89,8,4,"['地量', '均线粘合', '形态收敛', '低位']","['地量(均量41%)', '均线粘合(离散度2.45%)']"
000668,荣丰控股,21.04,8,3,"['均线粘合', '形态收敛', '低点抬高']","['筹码集中度61%', '均线粘合(离散度1.80%)']"
000676,智度股份,6.7,8,3,"['地量', '均线粘合', '形态收敛']","['筹码集中度58%', '地量(均量57%)', '均线粘合(离散度1.52%)']"
000681,视觉中国,16.32,8,4,"['地量', '均线粘合', '形态收敛', '低位']","['地量(均量48%)', '均线粘合(离散度2.86%)']"
000692,惠天热电,4.22,8,3,"['地量', '均线粘合', '形态收敛']","['筹码集中度58%', '地量(均量46%)', '均线粘合(离散度1.80%)']"
000709,河钢股份,2.06,8,3,"['地量', '均线粘合', '形态收敛']","['筹码集中度78%', '地量(均量54%)', '均线粘合(离散度0.79%)']"
000755,山西高速,4.69,8,3,"['地量', '均线粘合', '形态收敛']","['筹码集中度98%', '地量(均量57%)', '均线粘合(离散度1.04%)']"
000788,北大医药,5.3,8,4,"['地量', '均线粘合', '形态收敛', '低位']","['筹码集中度42%', '地量(均量42%)', '均线粘合(离散度1.42%)']"
000831,中国稀土,53.39,8,3,"['地量', '均线粘合', '形态收敛']","['筹码集中度74%', '地量(均量36%)', '均线粘合(离散度2.21%)']"
000833,粤桂股份,20.09,8,4,"['地量', '均线粘合', '形态收敛', '低位']","['地量(均量51%)', '均线粘合(离散度1.94%)']"
000848,承德露露,8.15,8,3,"['地量', '均线粘合', '形态收敛']","['筹码集中度91%', '地量(均量44%)', '均线粘合(离散度0.97%)']"
000856,冀东装备,8.64,8,3,"['地量', '均线粘合', '形态收敛']","['地量(均量39%)', '均线粘合(离散度4.13%)']"
000862,银星能源,5.62,8,3,"['地量', '均线粘合', '形态收敛']","['地量(均量44%)', '均线粘合(离散度2.14%)']"
000895,双汇发展,23.29,8,4,"['地量', '均线粘合', '形态收敛', '低位']","['筹码集中度67%', '地量(均量58%)', '均线粘合(离散度1.67%)']"
000913,钱江摩托,10.69,8,4,"['地量', '均线粘合', '形态收敛', '低位']","['筹码集中度47%', '地量(均量53%)', '均线粘合(离散度1.29%)']"
000925,众合科技,8.12,8,3,"['地量', '均线粘合', '形态收敛']","['筹码集中度43%', '地量(均量40%)', '均线粘合(离散度2.53%)']"
000933,神火股份,26.81,8,3,"['地量', '均线粘合', '形态收敛']","['筹码集中度56%', '地量(均量49%)', '均线粘合(离散度2.57%)']"
000948,南天信息,13.37,8,3,"['地量', '均线粘合', '形态收敛']","['筹码集中度60%', '地量(均量51%)', '均线粘合(离散度1.55%)']"
000959,首钢股份,3.48,8,4,"['地量', '均线粘合', '形态收敛', '低位']","['筹码集中度61%', '地量(均量46%)', '均线粘合(离散度1.42%)']"
000989,九芝堂,8.68,8,3,"['地量', '均线粘合', '形态收敛']","['筹码集中度86%', '地量(均量48%)', '均线粘合(离散度1.28%)']"
000990,诚志股份,6.46,8,4,"['地量', '均线粘合', '形态收敛', '低位']","['筹码集中度61%', '地量(均量45%)', '均线粘合(离散度0.71%)']"
001218,丽臣实业,24.08,8,3,"['地量', '均线粘合', '形态收敛']","['筹码集中度77%', '地量(均量52%)', '均线粘合(离散度0.69%)']"
001219,青岛食品,12.47,8,4,"['地量', '均线粘合', '形态收敛', '低位']","['筹码集中度59%', '地量(均量40%)', '均线粘合(离散度1.22%)']"
001255,博菲电气,26.56,8,3,"['地量', '均线粘合', '形态收敛']","['筹码集中度46%', '地量(均量58%)', '均线粘合(离散度2.53%)']"
001266,宏英智能,33.91,8,4,"['地量', '均线粘合', '形态收敛', '低位']","['地量(均量48%)', '均线粘合(离散度3.01%)']"
001286,陕西能源,9.66,8,4,"['地量', '均线粘合', '形态收敛', '低位']","['筹码集中度48%', '地量(均量45%)', '均线粘合(离散度2.11%)']"
001308,康冠科技,18.09,8,3,"['地量', '均线粘合', '形态收敛']","['筹码集中度54%', '地量(均量46%)', '均线粘合(离散度0.57%)']"
001316,润贝航科,28.11,8,4,"['均线粘合', '形态收敛', '低点抬高', '低位']",['均线粘合(离散度1.92%)']
001323,慕思股份,17.2,8,4,"['地量', '均线粘合', '形态收敛', '低位']","['筹码集中度61%', '地量(均量52%)', '均线粘合(离散度2.31%)']"
001328,登康口腔,29.98,8,3,"['地量', '均线粘合', '形态收敛']","['筹码集中度85%', '地量(均量52%)', '均线粘合(离散度1.07%)']"
001333,光华股份,19.11,8,4,"['地量', '均线粘合', '形态收敛', '低位']","['地量(均量47%)', '均线粘合(离散度2.09%)']"
001367,海森药业,20.56,8,3,"['地量', '均线粘合', '形态收敛']","['筹码集中度45%', '地量(均量53%)', '均线粘合(离散度1.94%)']"
001872,招商港口,23.09,8,3,"['均线粘合', '形态收敛', '低点抬高']","['筹码集中度78%', '均线粘合(离散度2.41%)']"
002010,传化智联,4.54,8,4,"['地量', '均线粘合', '形态收敛', '低位']","['筹码集中度57%', '地量(均量43%)', '均线粘合(离散度0.96%)']"
002012,凯恩股份,7.35,8,3,"['地量', '均线粘合', '形态收敛']","['筹码集中度60%', '地量(均量39%)', '均线粘合(离散度4.79%)']"
002015,协鑫能科,15.92,8,4,"['地量', '均线粘合', '形态收敛', '低位']","['筹码集中度43%', '地量(均量51%)', '均线粘合(离散度2.95%)']"
002021,中捷资源,2.64,8,3,"['地量', '均线粘合', '形态收敛']","['筹码集中度60%', '地量(均量55%)', '均线粘合(离散度1.80%)']"
002030,达安基因,5.37,8,4,"['地量', '均线粘合', '形态收敛', '低位']","['筹码集中度41%', '地量(均量59%)', '均线粘合(离散度1.04%)']"
002050,三花智控,35.31,8,4,"['地量', '均线粘合', '形态收敛', '低位']","['地量(均量48%)', '均线粘合(离散度4.12%)']"
002054,德美化工,7.07,8,4,"['地量', '均线粘合', '形态收敛', '低位']","['筹码集中度59%', '地量(均量41%)', '均线粘合(离散度1.20%)']"
002065,东华软件,6.66,8,4,"['地量', '均线粘合', '形态收敛', '低位']","['筹码集中度49%', '地量(均量46%)', '均线粘合(离散度1.96%)']"
002076,星光股份,2.13,8,3,"['地量', '均线粘合', '形态收敛']","['筹码集中度63%', '地量(均量60%)', '均线粘合(离散度0.95%)']"
002083,孚日股份,9.75,8,4,"['地量', '均线粘合', '形态收敛', '低位']","['地量(均量46%)', '均线粘合(离散度3.13%)']"
002119,康强电子,24.82,8,4,"['均线粘合', '形态收敛', '低点抬高', '低位']","['筹码集中度44%', '均线粘合(离散度3.62%)']"
002123,梦网科技,7.63,8,4,"['地量', '均线粘合', '形态收敛', '低位']","['筹码集中度48%', '地量(均量53%)', '均线粘合(离散度2.18%)']"
002126,银轮股份,39.37,8,4,"['地量', '均线粘合', '形态收敛', '低位']","['地量(均量53%)', '均线粘合(离散度4.24%)']"
002140,东华科技,9.19,8,4,"['地量', '均线粘合', '形态收敛', '低位']","['筹码集中度56%', '地量(均量46%)', '均线粘合(离散度0.90%)']"
002144,宏达高科,10.46,8,4,"['地量', '均线粘合', '形态收敛', '低位']","['筹码集中度60%', '地量(均量58%)', '均线粘合(离散度2.06%)']"
002150,正泰电源,21.24,8,4,"['地量', '均线粘合', '形态收敛', '低位']","['地量(均量39%)', '均线粘合(离散度3.50%)']"
002152,广电运通,9.28,8,4,"['地量', '均线粘合', '形态收敛', '低位']","['筹码集中度51%', '地量(均量48%)', '均线粘合(离散度2.04%)']"
002188,中天服务,5.37,8,3,"['地量', '均线粘合', '形态收敛']","['筹码集中度46%', '地量(均量56%)', '均线粘合(离散度2.68%)']"
002191,劲嘉股份,3.63,8,4,"['地量', '均线粘合', '形态收敛', '低位']","['筹码集中度87%', '地量(均量53%)', '均线粘合(离散度1.01%)']"
002197,证通电子,6.57,8,3,"['地量', '均线粘合', '形态收敛']","['筹码集中度57%', '地量(均量59%)', '均线粘合(离散度1.57%)']"
002216,三全食品,11.66,8,4,"['地量', '均线粘合', '形态收敛', '低位']","['筹码集中度62%', '地量(均量49%)', '均线粘合(离散度2.78%)']"
002226,江南化工,5.1,8,3,"['地量', '均线粘合', '形态收敛']","['筹码集中度71%', '地量(均量53%)', '均线粘合(离散度1.56%)']"
002237,恒邦股份,13.88,8,4,"['地量', '均线粘合', '形态收敛', '低位']","['筹码集中度70%', '地量(均量56%)', '均线粘合(离散度2.21%)']"
002249,大洋电机,6.37,8,4,"['地量', '均线粘合', '形态收敛', '低位']","['地量(均量47%)', '均线粘合(离散度4.09%)']"
002259,升达林业,4.11,8,4,"['地量', '均线粘合', '形态收敛', '低位']","['地量(均量33%)', '均线粘合(离散度3.21%)']"
002262,恩华药业,21.49,8,3,"['地量', '均线粘合', '形态收敛']","['筹码集中度91%', '地量(均量51%)', '均线粘合(离散度0.91%)']"
002272,川润股份,16.73,8,3,"['地量', '均线粘合', '形态收敛']","['地量(均量53%)', '均线粘合(离散度1.54%)']"
002273,水晶光电,25.47,8,4,"['地量', '均线粘合', '形态收敛', '低位']","['地量(均量50%)', '均线粘合(离散度4.92%)']"
002293,罗莱生活,10.9,8,3,"['地量', '均线粘合', '形态收敛']","['筹码集中度77%', '地量(均量34%)', '均线粘合(离散度0.98%)']"
002301,齐心集团,7.81,8,3,"['地量', '均线粘合', '形态收敛']","['筹码集中度78%', '地量(均量47%)', '均线粘合(离散度1.59%)']"
002331,皖通科技,6.67,8,4,"['地量', '均线粘合', '形态收敛', '低位']","['地量(均量44%)', '均线粘合(离散度1.38%)']"
002335,科华数据,29.65,8,4,"['地量', '均线粘合', '形态收敛', '低位']","['地量(均量49%)', '均线粘合(离散度3.34%)']"
002348,高乐股份,10.62,8,3,"['地量', '均线粘合', '形态收敛']","['地量(均量47%)', '均线粘合(离散度1.52%)']"
002356,鹏飞绿能,2.7,8,4,"['地量', '均线粘合', '形态收敛', '低位']","['地量(均量41%)', '均线粘合(离散度1.38%)']"
002361,神剑股份,10.49,8,4,"['地量', '均线粘合', '形态收敛', '低位']","['地量(均量54%)', '均线粘合(离散度3.08%)']"
002369,卓翼科技,5.68,8,4,"['地量', '均线粘合', '形态收敛', '低位']","['筹码集中度58%', '地量(均量53%)', '均线粘合(离散度2.63%)']"
002372,伟星新材,8.08,8,4,"['地量', '均线粘合', '形态收敛', '低位']","['筹码集中度62%', '地量(均量55%)', '均线粘合(离散度1.42%)']"
002373,千方科技,7.33,8,4,"['地量', '均线粘合', '形态收敛', '低位']","['筹码集中度59%', '地量(均量53%)', '均线粘合(离散度1.10%)']"
002374,中锐股份,3.1,8,3,"['地量', '均线粘合', '形态收敛']","['筹码集中度62%', '地量(均量49%)', '均线粘合(离散度0.67%)']"
002376,新北洋,6.56,8,3,"['地量', '均线粘合', '形态收敛']","['筹码集中度94%', '地量(均量55%)', '均线粘合(离散度1.45%)']"
002380,科远智慧,26.84,8,4,"['地量', '均线粘合', '形态收敛', '低位']","['地量(均量45%)', '均线粘合(离散度3.71%)']"
002397,梦洁股份,3.7,8,4,"['地量', '均线粘合', '形态收敛', '低位']","['筹码集中度42%', '地量(均量55%)', '均线粘合(离散度1.53%)']"
002407,多氟多,33.21,8,4,"['地量', '均线粘合', '形态收敛', '低位']","['筹码集中度48%', '地量(均量47%)', '均线粘合(离散度4.29%)']"
002408,齐翔腾达,5.4,8,3,"['地量', '均线粘合', '形态收敛']","['筹码集中度54%', '地量(均量27%)', '均线粘合(离散度2.57%)']"
002416,爱施德,9.0,8,4,"['地量', '均线粘合', '形态收敛', '低位']","['地量(均量45%)', '均线粘合(离散度1.60%)']"
002448,中原内配,11.28,8,4,"['地量', '均线粘合', '形态收敛', '低位']","['筹码集中度43%', '地量(均量48%)', '均线粘合(离散度1.99%)']"
002452,长高电气,12.11,8,3,"['地量', '均线粘合', '形态收敛']","['筹码集中度74%', '地量(均量45%)', '均线粘合(离散度1.43%)']"
002454,松芝股份,4.97,8,4,"['地量', '均线粘合', '形态收敛', '低位']","['筹码集中度43%', '地量(均量54%)', '均线粘合(离散度1.10%)']"
002456,欧菲光,7.02,8,4,"['地量', '均线粘合', '形态收敛', '低位']","['地量(均量52%)', '均线粘合(离散度3.61%)']"
002462,嘉事堂,12.2,8,3,"['地量', '均线粘合', '形态收敛']","['筹码集中度56%', '地量(均量56%)', '均线粘合(离散度1.58%)']"
002490,山东墨龙,7.31,8,4,"['地量', '均线粘合', '形态收敛', '低位']","['筹码集中度41%', '地量(均量47%)', '均线粘合(离散度2.78%)']"
002497,雅化集团,16.61,8,4,"['地量', '均线粘合', '形态收敛', '低位']","['地量(均量35%)', '均线粘合(离散度4.39%)']"
002506,协鑫集成,2.49,8,4,"['地量', '均线粘合', '形态收敛', '低位']","['地量(均量41%)', '均线粘合(离散度2.60%)']"
002511,中顺洁柔,7.0,8,4,"['地量', '均线粘合', '形态收敛', '低位']","['筹码集中度65%', '地量(均量47%)', '均线粘合(离散度0.72%)']"
002523,天桥起重,3.41,8,3,"['地量', '均线粘合', '形态收敛']","['筹码集中度70%', '地量(均量55%)', '均线粘合(离散度2.27%)']"
002526,山东矿机,2.64,8,4,"['地量', '均线粘合', '形态收敛', '低位']","['筹码集中度50%', '地量(均量41%)', '均线粘合(离散度1.03%)']"
002545,东方铁塔,15.93,8,4,"['地量', '均线粘合', '形态收敛', '低位']","['地量(均量53%)', '均线粘合(离散度2.91%)']"
002550,千红制药,6.43,8,3,"['地量', '均线粘合', '形态收敛']","['筹码集中度66%', '地量(均量37%)', '均线粘合(离散度2.15%)']"
002552,宝鼎科技,54.24,8,3,"['均线粘合', '形态收敛', '低点抬高']","['筹码集中度44%', '均线粘合(离散度2.54%)']"
002568,百润股份,17.92,8,3,"['地量', '均线粘合', '形态收敛']","['筹码集中度83%', '地量(均量50%)', '均线粘合(离散度0.99%)']"
002582,好想你,9.74,8,3,"['地量', '均线粘合', '形态收敛']","['筹码集中度57%', '地量(均量45%)', '均线粘合(离散度2.07%)']"
002583,海能达,8.26,8,4,"['地量', '均线粘合', '形态收敛', '低位']","['筹码集中度62%', '地量(均量46%)', '均线粘合(离散度1.10%)']"
002603,以岭药业,15.2,8,4,"['地量', '均线粘合', '形态收敛', '低位']","['筹码集中度65%', '地量(均量44%)', '均线粘合(离散度2.45%)']"
002626,金达威,16.13,8,3,"['地量', '均线粘合', '形态收敛']","['筹码集中度72%', '地量(均量39%)', '均线粘合(离散度3.18%)']"
002628,成都路桥,5.07,8,3,"['地量', '均线粘合', '形态收敛']","['筹码集中度71%', '地量(均量39%)', '均线粘合(离散度1.23%)']"
002645,华宏科技,18.27,8,4,"['地量', '均线粘合', '形态收敛', '低位']","['地量(均量42%)', '均线粘合(离散度3.37%)']"
002647,仁东控股,10.89,8,3,"['地量', '均线粘合', '形态收敛']","['筹码集中度49%', '地量(均量45%)', '均线粘合(离散度2.32%)']"
002648,卫星化学,26.61,8,3,"['地量', '均线粘合', '形态收敛']","['筹码集中度75%', '地量(均量37%)', '均线粘合(离散度2.53%)']"
002664,信质集团,14.86,8,4,"['地量', '均线粘合', '形态收敛', '低位']","['地量(均量41%)', '均线粘合(离散度3.52%)']"
002675,东诚药业,12.47,8,4,"['地量', '均线粘合', '形态收敛', '低位']","['筹码集中度61%', '地量(均量44%)', '均线粘合(离散度0.89%)']"
002683,广东宏大,28.11,8,4,"['地量', '均线粘合', '形态收敛', '低位']","['筹码集中度54%', '地量(均量50%)', '均线粘合(离散度1.95%)']"
002713,东易日盛,10.92,8,3,"['均线粘合', '形态收敛', '低点抬高']",['均线粘合(离散度1.55%)']
002715,登云股份,13.11,8,4,"['地量', '均线粘合', '形态收敛', '低位']","['地量(均量49%)', '均线粘合(离散度2.41%)']"
002722,物产金轮,12.97,8,3,"['地量', '均线粘合', '形态收敛']","['筹码集中度67%', '地量(均量53%)', '均线粘合(离散度1.66%)']"
002727,一心堂,10.84,8,3,"['地量', '均线粘合', '形态收敛']","['筹码集中度63%', '地量(均量49%)', '均线粘合(离散度1.21%)']"
002763,汇洁股份,7.24,8,4,"['地量', '均线粘合', '形态收敛', '低位']","['筹码集中度69%', '地量(均量50%)', '均线粘合(离散度1.32%)']"
002766,索菱股份,4.03,8,3,"['地量', '均线粘合', '形态收敛']","['筹码集中度48%', '地量(均量48%)', '均线粘合(离散度2.14%)']"
002783,凯龙股份,7.76,8,3,"['地量', '均线粘合', '形态收敛']","['筹码集中度69%', '地量(均量44%)', '均线粘合(离散度2.00%)']"
002785,万里石,39.39,8,3,"['均线粘合', '形态收敛', '低点抬高']","['筹码集中度41%', '均线粘合(离散度1.39%)']"
002791,坚朗五金,14.48,8,4,"['地量', '均线粘合', '形态收敛', '低位']","['筹码集中度66%', '地量(均量42%)', '均线粘合(离散度1.37%)']"
002812,恩捷股份,48.58,8,4,"['地量', '均线粘合', '形态收敛', '低位']","['地量(均量32%)', '均线粘合(离散度4.98%)']"
002813,路畅科技,21.65,8,3,"['地量', '均线粘合', '形态收敛']","['筹码集中度44%', '地量(均量50%)', '均线粘合(离散度2.48%)']"
002829,星网宇达,20.24,8,3,"['地量', '均线粘合', '形态收敛']","['筹码集中度64%', '地量(均量59%)', '均线粘合(离散度0.96%)']"
002830,名雕股份,14.56,8,3,"['地量', '均线粘合', '形态收敛']","['筹码集中度50%', '地量(均量43%)', '均线粘合(离散度1.43%)']"
002833,弘亚数控,18.32,8,3,"['地量', '均线粘合', '形态收敛']","['筹码集中度82%', '地量(均量58%)', '均线粘合(离散度1.29%)']"
002838,道恩股份,25.24,8,4,"['地量', '均线粘合', '形态收敛', '低位']","['筹码集中度44%', '地量(均量55%)', '均线粘合(离散度3.75%)']"
002839,张家港行,4.3,8,3,"['均线粘合', '形态收敛', '低点抬高']","['筹码集中度100%', '均线粘合(离散度0.66%)']"
002845,同兴达,14.0,8,3,"['地量', '均线粘合', '形态收敛']","['筹码集中度50%', '地量(均量41%)', '均线粘合(离散度0.95%)']"
002853,皮阿诺,21.88,8,3,"['地量', '均线粘合', '形态收敛']","['筹码集中度47%', '地量(均量41%)', '均线粘合(离散度1.39%)']"
002858,力盛体育,11.33,8,4,"['地量', '均线粘合', '形态收敛', '低位']","['筹码集中度47%', '地量(均量42%)', '均线粘合(离散度1.95%)']"
002873,新天药业,8.03,8,4,"['地量', '均线粘合', '形态收敛', '低位']","['筹码集中度51%', '地量(均量46%)', '均线粘合(离散度1.90%)']"
002876,三利谱,31.69,8,3,"['地量', '均线粘合', '形态收敛']","['筹码集中度76%', '地量(均量53%)', '均线粘合(离散度2.74%)']"
002879,长缆科技,16.47,8,3,"['地量', '均线粘合', '形态收敛']","['筹码集中度54%', '地量(均量49%)', '均线粘合(离散度1.70%)']"
002884,凌霄泵业,15.48,8,4,"['地量', '均线粘合', '形态收敛', '低位']","['筹码集中度60%', '地量(均量41%)', '均线粘合(离散度1.05%)']"
002910,庄园牧场,9.77,8,3,"['地量', '均线粘合', '形态收敛']","['地量(均量48%)', '均线粘合(离散度1.87%)']"
002916,深南电路,384.5,8,3,"['均线粘合', '形态收敛', '低点抬高']","['筹码集中度45%', '均线粘合(离散度2.29%)']"
002917,金奥博,10.12,8,4,"['地量', '均线粘合', '形态收敛', '低位']","['地量(均量40%)', '均线粘合(离散度1.02%)']"
002920,德赛西威,84.73,8,4,"['地量', '均线粘合', '形态收敛', '低位']","['筹码集中度47%', '地量(均量50%)', '均线粘合(离散度1.58%)']"
002921,联诚精密,20.42,8,4,"['地量', '均线粘合', '形态收敛', '低位']","['地量(均量48%)', '均线粘合(离散度4.57%)']"
002922,伊戈尔,23.52,8,4,"['地量', '均线粘合', '形态收敛', '低位']","['地量(均量54%)', '均线粘合(离散度4.07%)']"
002929,润建股份,52.2,8,4,"['地量', '均线粘合', '形态收敛', '低位']","['地量(均量41%)', '均线粘合(离散度3.50%)']"
002935,天奥电子,15.96,8,4,"['地量', '均线粘合', '形态收敛', '低位']","['地量(均量46%)', '均线粘合(离散度3.30%)']"
002938,鹏鼎控股,89.88,8,3,"['均线粘合', '形态收敛', '低点抬高']",['均线粘合(离散度1.31%)']
002951,金时科技,15.92,8,3,"['地量', '均线粘合', '形态收敛']","['筹码集中度61%', '地量(均量26%)', '均线粘合(离散度3.25%)']"
002969,嘉美包装,11.46,8,4,"['地量', '均线粘合', '形态收敛', '低位']","['地量(均量34%)', '均线粘合(离散度4.08%)']"
002985,北摩高科,27.41,8,4,"['地量', '均线粘合', '低点抬高', '低位']","['筹码集中度46%', '地量(均量44%)', '均线粘合(离散度2.75%)']"
003003,天元股份,10.52,8,4,"['地量', '均线粘合', '形态收敛', '低位']","['筹码集中度58%', '地量(均量57%)', '均线粘合(离散度2.01%)']"
003007,直真科技,40.0,8,3,"['地量', '均线粘合', '形态收敛']","['筹码集中度44%', '地量(均量46%)', '均线粘合(离散度1.84%)']"
003009,中天火箭,48.1,8,4,"['地量', '均线粘合', '形态收敛', '低位']","['地量(均量46%)', '均线粘合(离散度3.16%)']"
003011,海象新材,19.2,8,3,"['地量', '均线粘合', '形态收敛']","['筹码集中度51%', '地量(均量45%)', '均线粘合(离散度2.13%)']"
003023,彩虹集团,25.52,8,3,"['地量', '均线粘合', '形态收敛']","['筹码集中度46%', '地量(均量24%)', '均线粘合(离散度4.91%)']"
003038,鑫铂股份,10.52,8,4,"['地量', '均线粘合', '形态收敛', '低位']","['地量(均量45%)', '均线粘合(离散度1.46%)']"
300004,南风股份,8.25,8,4,"['地量', '均线粘合', '形态收敛', '低位']","['地量(均量55%)', '均线粘合(离散度2.64%)']"
300012,华测检测,14.53,8,3,"['地量', '均线粘合', '形态收敛']","['筹码集中度85%', '地量(均量59%)', '均线粘合(离散度1.43%)']"
300017,网宿科技,15.15,8,3,"['地量', '均线粘合', '形态收敛']","['筹码集中度56%', '地量(均量50%)', '均线粘合(离散度1.79%)']"
300039,上海凯宝,5.07,8,3,"['地量', '均线粘合', '形态收敛']","['地量(均量56%)', '均线粘合(离散度2.42%)']"
300071,福石控股,4.14,8,3,"['地量', '均线粘合', '形态收敛']","['筹码集中度64%', '地量(均量56%)', '均线粘合(离散度0.95%)']"
300072,海新能科,3.61,8,4,"['地量', '均线粘合', '形态收敛', '低位']","['筹码集中度56%', '地量(均量49%)', '均线粘合(离散度1.59%)']"
300074,华平股份,3.6,8,4,"['地量', '均线粘合', '形态收敛', '低位']","['筹码集中度59%', '地量(均量59%)', '均线粘合(离散度1.96%)']"
300075,数字政通,10.37,8,4,"['地量', '均线粘合', '形态收敛', '低位']","['筹码集中度54%', '地量(均量58%)', '均线粘合(离散度1.52%)']"
300083,创世纪,12.78,8,3,"['地量', '均线粘合', '形态收敛']","['筹码集中度43%', '地量(均量50%)', '均线粘合(离散度1.68%)']"
300086,康芝药业,6.27,8,4,"['地量', '均线粘合', '形态收敛', '低位']","['筹码集中度61%', '地量(均量46%)', '均线粘合(离散度1.64%)']"
300088,长信科技,7.23,8,4,"['地量', '均线粘合', '形态收敛', '低位']","['筹码集中度60%', '地量(均量50%)', '均线粘合(离散度3.11%)']"
300098,高新兴,4.33,8,4,"['地量', '均线粘合', '形态收敛', '低位']","['筹码集中度41%', '地量(均量58%)', '均线粘合(离散度1.36%)']"
300105,龙源技术,7.25,8,3,"['地量', '均线粘合', '形态收敛']","['筹码集中度52%', '地量(均量29%)', '均线粘合(离散度4.00%)']"
300118,东方日升,9.19,8,4,"['地量', '均线粘合', '形态收敛', '低位']","['地量(均量46%)', '均线粘合(离散度3.68%)']"
300141,和顺电气,10.15,8,3,"['地量', '均线粘合', '形态收敛']","['筹码集中度62%', '地量(均量56%)', '均线粘合(离散度1.20%)']"
300145,南方泵业,4.87,8,3,"['地量', '均线粘合', '形态收敛']","['筹码集中度52%', '地量(均量56%)', '均线粘合(离散度0.65%)']"
300165,天瑞仪器,5.09,8,4,"['地量', '均线粘合', '形态收敛', '低位']","['筹码集中度41%', '地量(均量41%)', '均线粘合(离散度1.36%)']"
300169,天晟新材,5.5,8,3,"['地量', '均线粘合', '形态收敛']","['筹码集中度72%', '地量(均量41%)', '均线粘合(离散度2.74%)']"
300170,汉得信息,15.3,8,4,"['地量', '均线粘合', '形态收敛', '低位']","['地量(均量51%)', '均线粘合(离散度1.76%)']"
300174,元力股份,18.79,8,4,"['地量', '均线粘合', '形态收敛', '低位']","['地量(均量47%)', '均线粘合(离散度4.28%)']"
300184,力源信息,12.28,8,4,"['地量', '均线粘合', '形态收敛', '低位']","['筹码集中度41%', '地量(均量52%)', '均线粘合(离散度3.26%)']"
300185,通裕重工,2.78,8,4,"['地量', '均线粘合', '形态收敛', '低位']","['筹码集中度56%', '地量(均量41%)', '均线粘合(离散度0.65%)']"
300196,长海股份,20.51,8,4,"['均线粘合', '形态收敛', '低点抬高', '低位']",['均线粘合(离散度4.78%)']
300218,安利股份,12.39,8,4,"['地量', '均线粘合', '形态收敛', '低位']","['筹码集中度57%', '地量(均量42%)', '均线粘合(离散度1.07%)']"
300254,仟源医药,8.67,8,4,"['地量', '均线粘合', '形态收敛', '低位']","['筹码集中度48%', '地量(均量59%)', '均线粘合(离散度1.62%)']"
300255,常山药业,23.06,8,4,"['地量', '均线粘合', '形态收敛', '低位']","['地量(均量58%)', '均线粘合(离散度4.20%)']"
300258,精锻科技,8.88,8,4,"['地量', '均线粘合', '形态收敛', '低位']","['地量(均量24%)', '均线粘合(离散度4.40%)']"
300264,佳创视讯,6.02,8,4,"['地量', '均线粘合', '形态收敛', '低位']","['地量(均量60%)', '均线粘合(离散度4.66%)']"
300267,尔康制药,3.22,8,4,"['地量', '均线粘合', '形态收敛', '低位']","['筹码集中度40%', '地量(均量40%)', '均线粘合(离散度0.97%)']"
300276,三丰智能,6.0,8,4,"['地量', '均线粘合', '形态收敛', '低位']","['地量(均量30%)', '均线粘合(离散度3.78%)']"
300281,金明精机,6.69,8,3,"['地量', '均线粘合', '形态收敛']","['筹码集中度58%', '地量(均量57%)', '均线粘合(离散度2.82%)']"
300298,三诺生物,15.63,8,3,"['地量', '均线粘合', '形态收敛']","['筹码集中度96%', '地量(均量55%)', '均线粘合(离散度0.73%)']"
300329,海伦钢琴,11.99,8,3,"['地量', '均线粘合', '形态收敛']","['筹码集中度55%', '地量(均量41%)', '均线粘合(离散度1.60%)']"
300339,润和软件,34.77,8,4,"['地量', '均线粘合', '形态收敛', '低位']","['地量(均量48%)', '均线粘合(离散度2.18%)']"
300340,科恒股份,8.43,8,4,"['地量', '均线粘合', '形态收敛', '低位']","['筹码集中度44%', '地量(均量55%)', '均线粘合(离散度1.79%)']"
300354,东华测试,27.13,8,4,"['地量', '均线粘合', '形态收敛', '低位']","['地量(均量47%)', '均线粘合(离散度4.63%)']"
300360,炬华科技,11.07,8,4,"['地量', '均线粘合', '形态收敛', '低位']","['地量(均量52%)', '均线粘合(离散度2.20%)']"
300365,恒华科技,4.49,8,4,"['地量', '均线粘合', '形态收敛', '低位']","['筹码集中度41%', '地量(均量55%)', '均线粘合(离散度1.15%)']"
300375,鹏翎股份,4.05,8,4,"['地量', '均线粘合', '形态收敛', '低位']","['筹码集中度51%', '地量(均量42%)', '均线粘合(离散度1.46%)']"
300384,三联虹普,11.57,8,4,"['地量', '均线粘合', '形态收敛', '低位']","['筹码集中度61%', '地量(均量48%)', '均线粘合(离散度1.36%)']"
300403,汉宇集团,8.66,8,4,"['地量', '均线粘合', '形态收敛', '低位']","['地量(均量50%)', '均线粘合(离散度2.43%)']"
300405,科隆股份,5.56,8,3,"['地量', '均线粘合', '形态收敛']","['筹码集中度54%', '地量(均量56%)', '均线粘合(离散度2.49%)']"
300407,凯发电气,10.57,8,3,"['地量', '均线粘合', '形态收敛']","['地量(均量36%)', '均线粘合(离散度3.09%)']"
300412,迦南科技,4.34,8,3,"['地量', '均线粘合', '形态收敛']","['筹码集中度62%', '地量(均量51%)', '均线粘合(离散度1.77%)']"
300415,伊之密,18.89,8,4,"['地量', '均线粘合', '形态收敛', '低位']","['地量(均量45%)', '均线粘合(离散度2.45%)']"
300416,苏试试验,14.31,8,4,"['地量', '均线粘合', '形态收敛', '低位']","['地量(均量45%)', '均线粘合(离散度3.57%)']"
300435,中泰股份,16.94,8,4,"['地量', '均线粘合', '形态收敛', '低位']","['地量(均量41%)', '均线粘合(离散度3.22%)']"
300440,运达科技,17.72,8,3,"['均线粘合', '形态收敛', '低点抬高']","['筹码集中度65%', '均线粘合(离散度2.40%)']"
300441,鲍斯股份,7.01,8,3,"['地量', '均线粘合', '形态收敛']","['筹码集中度86%', '地量(均量42%)', '均线粘合(离散度1.08%)']"
300442,润泽科技,63.29,8,4,"['地量', '均线粘合', '形态收敛', '低位']","['地量(均量41%)', '均线粘合(离散度3.94%)']"
300455,航天智装,17.24,8,4,"['地量', '均线粘合', '形态收敛', '低位']","['地量(均量50%)', '均线粘合(离散度3.64%)']"
300463,迈克生物,9.08,8,3,"['地量', '均线粘合', '形态收敛']","['筹码集中度74%', '地量(均量55%)', '均线粘合(离散度0.73%)']"
300466,赛摩智能,7.07,8,4,"['地量', '均线粘合', '形态收敛', '低位']","['筹码集中度51%', '地量(均量55%)', '均线粘合(离散度1.19%)']"
300467,迅游科技,33.2,8,3,"['地量', '均线粘合', '形态收敛']","['筹码集中度60%', '地量(均量38%)', '均线粘合(离散度1.03%)']"
300476,胜宏科技,227.05,8,4,"['均线粘合', '形态收敛', '低点抬高', '低位']",['均线粘合(离散度4.19%)']
300478,杭州高新,33.76,8,3,"['均线粘合', '形态收敛', '低点抬高']",['均线粘合(离散度2.45%)']
300479,神思电子,14.51,8,3,"['地量', '均线粘合', '形态收敛']","['筹码集中度54%', '地量(均量55%)', '均线粘合(离散度2.33%)']"
300480,光力科技,32.92,8,3,"['地量', '均线粘合', '形态收敛']","['筹码集中度47%', '地量(均量46%)', '均线粘合(离散度2.52%)']"
300483,首华燃气,23.65,8,3,"['地量', '均线粘合', '形态收敛']","['地量(均量25%)', '均线粘合(离散度4.49%)']"
300488,恒锋工具,36.92,8,3,"['均线粘合', '形态收敛', '低点抬高']","['筹码集中度48%', '均线粘合(离散度2.66%)']"
300490,华自科技,10.77,8,4,"['地量', '均线粘合', '形态收敛', '低位']","['地量(均量46%)', '均线粘合(离散度3.03%)']"
300508,维宏股份,39.5,8,4,"['地量', '均线粘合', '形态收敛', '低位']","['地量(均量53%)', '均线粘合(离散度4.72%)']"
300509,新美星,8.79,8,4,"['地量', '均线粘合', '形态收敛', '低位']","['筹码集中度45%', '地量(均量51%)', '均线粘合(离散度2.16%)']"
300521,爱司凯,25.0,8,3,"['地量', '均线粘合', '形态收敛']","['筹码集中度66%', '地量(均量56%)', '均线粘合(离散度1.54%)']"
300529,健帆生物,15.01,8,4,"['地量', '均线粘合', '形态收敛', '低位']","['筹码集中度43%', '地量(均量58%)', '均线粘合(离散度3.57%)']"
300532,今天国际,7.01,8,3,"['地量', '均线粘合', '形态收敛']","['筹码集中度68%', '地量(均量38%)', '均线粘合(离散度1.28%)']"
300541,先进数通,9.53,8,4,"['地量', '均线粘合', '形态收敛', '低位']","['筹码集中度45%', '地量(均量45%)', '均线粘合(离散度2.46%)']"
300545,联得装备,27.42,8,4,"['地量', '均线粘合', '形态收敛', '低位']","['地量(均量44%)', '均线粘合(离散度4.51%)']"
300547,川环科技,25.31,8,4,"['地量', '均线粘合', '形态收敛', '低位']","['地量(均量47%)', '均线粘合(离散度3.29%)']"
300564,筑博设计,12.18,8,4,"['地量', '均线粘合', '形态收敛', '低位']","['筹码集中度61%', '地量(均量58%)', '均线粘合(离散度1.61%)']"
300568,星源材质,15.9,8,3,"['均线粘合', '形态收敛', '低点抬高']","['筹码集中度54%', '均线粘合(离散度1.79%)']"
300578,会畅科技,15.35,8,4,"['地量', '均线粘合', '形态收敛', '低位']","['地量(均量43%)', '均线粘合(离散度1.56%)']"
300580,贝斯特,18.44,8,4,"['地量', '均线粘合', '形态收敛', '低位']","['地量(均量51%)', '均线粘合(离散度4.92%)']"
300597,吉大通信,7.81,8,3,"['地量', '均线粘合', '形态收敛']","['筹码集中度54%', '地量(均量48%)', '均线粘合(离散度2.28%)']"
300610,晨化股份,10.08,8,3,"['地量', '均线粘合', '形态收敛']","['筹码集中度59%', '地量(均量56%)', '均线粘合(离散度2.14%)']"
300616,尚品宅配,10.03,8,4,"['地量', '均线粘合', '形态收敛', '低位']","['地量(均量50%)', '均线粘合(离散度1.77%)']"
300626,华瑞股份,28.88,8,3,"['地量', '均线粘合', '形态收敛']","['筹码集中度41%', '地量(均量56%)', '均线粘合(离散度2.81%)']"
300635,中达安,11.72,8,3,"['地量', '均线粘合', '形态收敛']","['地量(均量50%)', '均线粘合(离散度2.36%)']"
300639,凯普生物,5.9,8,3,"['地量', '均线粘合', '形态收敛']","['筹码集中度55%', '地量(均量54%)', '均线粘合(离散度1.48%)']"
300643,万通智控,17.95,8,3,"['地量', '均线粘合', '形态收敛']","['筹码集中度90%', '地量(均量52%)', '均线粘合(离散度0.96%)']"
300660,江苏雷利,23.4,8,4,"['地量', '均线粘合', '形态收敛', '低位']","['地量(均量48%)', '均线粘合(离散度4.74%)']"
300663,科蓝软件,7.63,8,4,"['地量', '均线粘合', '形态收敛', '低位']","['地量(均量51%)', '均线粘合(离散度3.05%)']"
300665,飞鹿股份,8.72,8,3,"['地量', '均线粘合', '形态收敛']","['地量(均量34%)', '均线粘合(离散度2.55%)']"
300678,中科信息,21.38,8,4,"['地量', '均线粘合', '形态收敛', '低位']","['筹码集中度48%', '地量(均量53%)', '均线粘合(离散度1.71%)']"
300681,英搏尔,20.89,8,4,"['地量', '均线粘合', '形态收敛', '低位']","['地量(均量55%)', '均线粘合(离散度3.92%)']"
300687,赛意信息,29.07,8,3,"['均线粘合', '形态收敛', '低点抬高']","['筹码集中度61%', '均线粘合(离散度1.37%)']"
300691,联合光电,14.8,8,3,"['地量', '均线粘合', '形态收敛']","['筹码集中度45%', '地量(均量41%)', '均线粘合(离散度1.88%)']"
300705,九典制药,10.55,8,4,"['地量', '均线粘合', '形态收敛', '低位']","['筹码集中度60%', '地量(均量52%)', '均线粘合(离散度1.65%)']"
300707,威唐工业,11.64,8,4,"['地量', '均线粘合', '形态收敛', '低位']","['筹码集中度54%', '地量(均量45%)', '均线粘合(离散度1.49%)']"
300723,一品红,33.77,8,4,"['地量', '均线粘合', '形态收敛', '低位']","['地量(均量34%)', '均线粘合(离散度3.27%)']"
300724,捷佳伟创,54.11,8,4,"['地量', '均线粘合', '形态收敛', '低位']","['地量(均量59%)', '均线粘合(离散度4.65%)']"
300737,科顺股份,4.67,8,4,"['地量', '均线粘合', '形态收敛', '低位']","['地量(均量56%)', '均线粘合(离散度4.77%)']"
300756,金马游乐,33.05,8,3,"['均线粘合', '形态收敛', '低点抬高']","['筹码集中度64%', '均线粘合(离散度2.71%)']"
300784,利安科技,40.81,8,3,"['地量', '均线粘合', '形态收敛']","['筹码集中度48%', '地量(均量47%)', '均线粘合(离散度1.18%)']"
300785,值得买,34.05,8,4,"['地量', '均线粘合', '形态收敛', '低位']","['地量(均量49%)', '均线粘合(离散度2.38%)']"
300790,宇瞳光学,19.99,8,3,"['均线粘合', '形态收敛', '低点抬高']","['筹码集中度40%', '均线粘合(离散度1.09%)']"
300814,中富电路,145.81,8,3,"['均线粘合', '形态收敛', '低点抬高']",['均线粘合(离散度1.68%)']
300817,双飞集团,16.31,8,3,"['地量', '均线粘合', '形态收敛']","['筹码集中度46%', '地量(均量38%)', '均线粘合(离散度1.64%)']"
300818,耐普矿机,17.03,8,4,"['地量', '均线粘合', '形态收敛', '低位']","['地量(均量37%)', '均线粘合(离散度3.66%)']"
300823,建科智能,13.97,8,4,"['地量', '均线粘合', '形态收敛', '低位']","['筹码集中度43%', '地量(均量52%)', '均线粘合(离散度1.78%)']"
300832,新产业,48.94,8,3,"['地量', '均线粘合', '形态收敛']","['筹码集中度75%', '地量(均量55%)', '均线粘合(离散度1.60%)']"
300842,帝科股份,64.56,8,3,"['地量', '均线粘合', '形态收敛']","['地量(均量60%)', '均线粘合(离散度0.49%)']"
300845,捷安高科,13.61,8,3,"['地量', '均线粘合', '形态收敛']","['筹码集中度62%', '地量(均量39%)', '均线粘合(离散度4.52%)']"
300854,中兰环保,15.28,8,4,"['地量', '均线粘合', '形态收敛', '低位']","['地量(均量36%)', '均线粘合(离散度3.89%)']"
300855,图南股份,34.92,8,3,"['地量', '均线粘合', '形态收敛']","['筹码集中度55%', '地量(均量33%)', '均线粘合(离散度4.03%)']"
300881,盛德鑫泰,29.54,8,4,"['地量', '均线粘合', '形态收敛', '低位']","['地量(均量29%)', '均线粘合(离散度4.69%)']"
300882,万胜智能,13.45,8,4,"['地量', '均线粘合', '形态收敛', '低位']","['地量(均量39%)', '均线粘合(离散度3.39%)']"
300895,铜牛信息,56.46,8,3,"['地量', '均线粘合', '形态收敛']","['筹码集中度50%', '地量(均量50%)', '均线粘合(离散度2.29%)']"
300897,山科智能,15.83,8,3,"['地量', '均线粘合', '形态收敛']","['筹码集中度56%', '地量(均量54%)', '均线粘合(离散度2.16%)']"
300898,熊猫乳品,19.48,8,4,"['地量', '均线粘合', '形态收敛', '低位']","['筹码集中度54%', '地量(均量56%)', '均线粘合(离散度2.04%)']"
300920,润阳科技,34.91,8,3,"['地量', '均线粘合', '形态收敛']","['筹码集中度65%', '地量(均量60%)', '均线粘合(离散度2.29%)']"
300923,研奥股份,23.14,8,3,"['地量', '均线粘合', '形态收敛']","['筹码集中度54%', '地量(均量49%)', '均线粘合(离散度2.88%)']"
300929,华骐环保,15.86,8,3,"['地量', '均线粘合', '形态收敛']","['地量(均量29%)', '均线粘合(离散度3.94%)']"
300943,春晖智控,33.99,8,3,"['均线粘合', '形态收敛', '低点抬高']",['均线粘合(离散度2.21%)']
300949,奥雅股份,22.76,8,3,"['地量', '均线粘合', '形态收敛']","['筹码集中度57%', '地量(均量57%)', '均线粘合(离散度2.83%)']"
300985,致远新能,38.35,8,3,"['地量', '均线粘合', '形态收敛']","['地量(均量48%)', '均线粘合(离散度0.85%)']"
300988,津荣天宇,15.7,8,4,"['地量', '均线粘合', '形态收敛', '低位']","['筹码集中度48%', '地量(均量58%)', '均线粘合(离散度1.30%)']"
301002,崧盛股份,27.33,8,4,"['地量', '均线粘合', '形态收敛', '低位']","['地量(均量54%)', '均线粘合(离散度4.55%)']"
301004,嘉益股份,33.2,8,4,"['地量', '均线粘合', '形态收敛', '低位']","['筹码集中度56%', '地量(均量50%)', '均线粘合(离散度1.70%)']"
301007,德迈仕,32.52,8,3,"['地量', '均线粘合', '形态收敛']","['筹码集中度53%', '地量(均量43%)', '均线粘合(离散度2.79%)']"
301022,海泰科,22.19,8,4,"['地量', '均线粘合', '形态收敛', '低位']","['地量(均量48%)', '均线粘合(离散度1.67%)']"
301033,迈普医学,53.58,8,3,"['地量', '均线粘合', '形态收敛']","['筹码集中度70%', '地量(均量47%)', '均线粘合(离散度2.55%)']"
301038,深水规院,16.88,8,3,"['地量', '均线粘合', '形态收敛']","['筹码集中度41%', '地量(均量44%)', '均线粘合(离散度1.82%)']"
301049,超越科技,19.79,8,3,"['地量', '均线粘合', '形态收敛']","['筹码集中度53%', '地量(均量43%)', '均线粘合(离散度2.29%)']"
301051,信濠光电,17.9,8,3,"['地量', '均线粘合', '形态收敛']","['筹码集中度47%', '地量(均量56%)', '均线粘合(离散度0.44%)']"
301055,张小泉,30.62,8,3,"['地量', '均线粘合', '形态收敛']","['筹码集中度47%', '地量(均量57%)', '均线粘合(离散度2.06%)']"
301059,金三江,12.28,8,3,"['地量', '均线粘合', '形态收敛']","['筹码集中度49%', '地量(均量43%)', '均线粘合(离散度2.34%)']"
301063,海锅股份,17.07,8,4,"['地量', '均线粘合', '形态收敛', '低位']","['筹码集中度48%', '地量(均量53%)', '均线粘合(离散度1.91%)']"
301070,开勒股份,66.93,8,3,"['地量', '均线粘合', '形态收敛']","['筹码集中度58%', '地量(均量59%)', '均线粘合(离散度1.86%)']"
301078,孩子王,6.95,8,4,"['地量', '均线粘合', '形态收敛', '低位']","['筹码集中度50%', '地量(均量49%)', '均线粘合(离散度1.25%)']"
301082,久盛电气,9.89,8,3,"['地量', '均线粘合', '形态收敛']","['地量(均量53%)', '均线粘合(离散度1.66%)']"
301092,争光股份,44.38,8,3,"['地量', '均线粘合', '形态收敛']","['筹码集中度53%', '地量(均量59%)', '均线粘合(离散度2.70%)']"
301095,广立微,78.75,8,4,"['均线粘合', '形态收敛', '低点抬高', '低位']",['均线粘合(离散度3.63%)']
301102,兆讯传媒,9.2,8,4,"['地量', '均线粘合', '形态收敛', '低位']","['筹码集中度62%', '地量(均量49%)', '均线粘合(离散度1.22%)']"
301105,鸿铭股份,48.74,8,4,"['地量', '均线粘合', '形态收敛', '低点抬高']","['筹码集中度45%', '地量(均量49%)', '均线粘合(离散度3.02%)']"
301121,紫建电子,35.22,8,3,"['地量', '均线粘合', '形态收敛']","['筹码集中度72%', '地量(均量56%)', '均线粘合(离散度1.50%)']"
301126,达嘉维康,10.24,8,3,"['地量', '均线粘合', '形态收敛']","['筹码集中度55%', '地量(均量58%)', '均线粘合(离散度2.96%)']"
301131,聚赛龙,31.98,8,4,"['地量', '均线粘合', '形态收敛', '低位']","['筹码集中度49%', '地量(均量55%)', '均线粘合(离散度1.59%)']"
301135,瑞德智能,17.19,8,3,"['地量', '均线粘合', '形态收敛']","['筹码集中度59%', '地量(均量55%)', '均线粘合(离散度1.95%)']"
301153,中科江南,17.03,8,4,"['地量', '均线粘合', '形态收敛', '低位']","['筹码集中度53%', '地量(均量51%)', '均线粘合(离散度1.20%)']"
301155,海力风电,42.09,8,4,"['均线粘合', '形态收敛', '低点抬高', '低位']","['筹码集中度42%', '均线粘合(离散度2.37%)']"
301157,华塑科技,64.85,8,3,"['地量', '均线粘合', '形态收敛']","['筹码集中度41%', '地量(均量47%)', '均线粘合(离散度2.02%)']"
301158,德石股份,14.14,8,4,"['地量', '均线粘合', '形态收敛', '低位']","['筹码集中度50%', '地量(均量42%)', '均线粘合(离散度2.41%)']"
301163,宏德股份,21.69,8,4,"['地量', '均线粘合', '形态收敛', '低位']","['筹码集中度42%', '地量(均量50%)', '均线粘合(离散度2.13%)']"
301173,毓恬冠佳,32.18,8,4,"['地量', '均线粘合', '形态收敛', '低位']","['筹码集中度58%', '地量(均量49%)', '均线粘合(离散度1.99%)']"
301181,标榜股份,23.4,8,4,"['地量', '均线粘合', '形态收敛', '低位']","['地量(均量53%)', '均线粘合(离散度2.79%)']"
301215,中汽股份,5.27,8,4,"['地量', '均线粘合', '形态收敛', '低位']","['筹码集中度66%', '地量(均量53%)', '均线粘合(离散度0.78%)']"
301236,软通动力,36.99,8,3,"['地量', '均线粘合', '形态收敛']","['筹码集中度56%', '地量(均量52%)', '均线粘合(离散度2.09%)']"
301252,同星科技,36.88,8,3,"['地量', '均线粘合', '形态收敛']","['筹码集中度63%', '地量(均量51%)', '均线粘合(离散度2.87%)']"
301255,通力科技,18.75,8,4,"['地量', '均线粘合', '形态收敛', '低位']","['地量(均量60%)', '均线粘合(离散度2.86%)']"
301263,泰恩康,19.28,8,4,"['地量', '均线粘合', '形态收敛', '低位']","['筹码集中度63%', '地量(均量53%)', '均线粘合(离散度0.99%)']"
301277,新天地,9.86,8,3,"['地量', '均线粘合', '形态收敛']","['筹码集中度59%', '地量(均量47%)', '均线粘合(离散度1.71%)']"
301280,珠城科技,45.01,8,3,"['地量', '均线粘合', '形态收敛']","['筹码集中度58%', '地量(均量55%)', '均线粘合(离散度0.73%)']"
301290,东星医疗,27.33,8,3,"['地量', '均线粘合', '形态收敛']","['筹码集中度64%', '地量(均量45%)', '均线粘合(离散度1.29%)']"
301295,美硕科技,36.78,8,4,"['地量', '均线粘合', '形态收敛', '低位']","['筹码集中度40%', '地量(均量43%)', '均线粘合(离散度3.82%)']"
301314,科瑞思,44.8,8,3,"['地量', '均线粘合', '形态收敛']","['筹码集中度44%', '地量(均量56%)', '均线粘合(离散度2.23%)']"
301317,鑫磊股份,51.12,8,3,"['地量', '均线粘合', '形态收敛']","['地量(均量51%)', '均线粘合(离散度1.24%)']"
301318,维海德,20.72,8,4,"['地量', '均线粘合', '形态收敛', '低位']","['筹码集中度64%', '地量(均量45%)', '均线粘合(离散度1.14%)']"
301320,豪江智能,13.86,8,3,"['地量', '均线粘合', '形态收敛']","['筹码集中度50%', '地量(均量57%)', '均线粘合(离散度2.56%)']"
301325,曼恩斯特,32.14,8,4,"['均线粘合', '形态收敛', '低点抬高', '低位']",['均线粘合(离散度1.20%)']
301337,亚华电子,25.99,8,3,"['地量', '均线粘合', '形态收敛']","['筹码集中度80%', '地量(均量58%)', '均线粘合(离散度2.53%)']"
301348,蓝箭电子,22.38,8,3,"['地量', '均线粘合', '形态收敛']","['地量(均量57%)', '均线粘合(离散度1.23%)']"
301356,天振股份,18.94,8,4,"['地量', '均线粘合', '形态收敛', '低位']","['地量(均量40%)', '均线粘合(离散度3.16%)']"
301363,美好医疗,15.59,8,4,"['地量', '均线粘合', '形态收敛', '低位']","['地量(均量45%)', '均线粘合(离散度4.18%)']"
301372,科净源,33.71,8,3,"['均线粘合', '形态收敛', '低点抬高']","['筹码集中度61%', '均线粘合(离散度2.70%)']"
301377,鼎泰高科,408.89,8,3,"['地量', '均线粘合', '形态收敛']","['地量(均量49%)', '均线粘合(离散度2.98%)']"
301386,未来电器,19.65,8,4,"['地量', '均线粘合', '形态收敛', '低位']","['筹码集中度50%', '地量(均量48%)', '均线粘合(离散度1.40%)']"
301387,光大同创,57.3,8,4,"['地量', '均线粘合', '形态收敛', '低位']","['地量(均量52%)', '均线粘合(离散度3.42%)']"
301388,欣灵电气,24.35,8,4,"['地量', '均线粘合', '形态收敛', '低位']","['筹码集中度45%', '地量(均量40%)', '均线粘合(离散度1.98%)']"
301418,协昌科技,34.18,8,4,"['地量', '均线粘合', '形态收敛', '低位']","['地量(均量43%)', '均线粘合(离散度4.89%)']"
301439,泓淋电力,14.38,8,4,"['地量', '均线粘合', '形态收敛', '低位']","['筹码集中度44%', '地量(均量49%)', '均线粘合(离散度1.44%)']"
301446,福事特,37.5,8,3,"['地量', '均线粘合', '形态收敛']","['筹码集中度42%', '地量(均量41%)', '均线粘合(离散度1.85%)']"
301508,中机认检,23.81,8,4,"['地量', '均线粘合', '形态收敛', '低位']","['筹码集中度63%', '地量(均量53%)', '均线粘合(离散度1.21%)']"
301512,智信精密,30.78,8,3,"['地量', '均线粘合', '形态收敛']","['筹码集中度43%', '地量(均量57%)', '均线粘合(离散度1.34%)']"
301515,港通医疗,18.77,8,3,"['地量', '均线粘合', '形态收敛']","['筹码集中度50%', '地量(均量44%)', '均线粘合(离散度1.72%)']"
301517,陕西华达,37.8,8,4,"['地量', '均线粘合', '形态收敛', '低位']","['地量(均量45%)', '均线粘合(离散度3.25%)']"
301519,舜禹股份,11.46,8,4,"['地量', '均线粘合', '形态收敛', '低位']","['筹码集中度56%', '地量(均量54%)', '均线粘合(离散度1.91%)']"
301559,中集环科,12.82,8,4,"['地量', '均线粘合', '形态收敛', '低位']","['筹码集中度60%', '地量(均量52%)', '均线粘合(离散度0.88%)']"
301566,达利凯普,26.79,8,3,"['均线粘合', '形态收敛', '低点抬高']","['筹码集中度41%', '均线粘合(离散度1.59%)']"
301568,思泰克,73.05,8,3,"['地量', '均线粘合', '形态收敛']","['地量(均量58%)', '均线粘合(离散度2.88%)']"
301578,辰奕智能,23.08,8,3,"['地量', '均线粘合', '形态收敛']","['筹码集中度67%', '地量(均量47%)', '均线粘合(离散度2.18%)']"
301596,瑞迪智驱,46.84,8,3,"['地量', '均线粘合', '形态收敛']","['地量(均量58%)', '均线粘合(离散度2.33%)']"
301603,乔锋智能,127.28,8,3,"['地量', '均线粘合', '形态收敛']","['筹码集中度53%', '地量(均量45%)', '均线粘合(离散度0.97%)']"
301617,博苑新材,54.3,8,3,"['地量', '均线粘合', '形态收敛']","['筹码集中度56%', '地量(均量56%)', '均线粘合(离散度2.06%)']"
301636,泽润新能,38.09,8,4,"['地量', '均线粘合', '形态收敛', '低位']","['地量(均量59%)', '均线粘合(离散度1.83%)']"
301667,纳百川,58.68,8,4,"['地量', '均线粘合', '形态收敛', '低位']","['地量(均量42%)', '均线粘合(离散度3.85%)']"
301680,固德电材,106.97,8,3,"['均线粘合', '形态收敛', '低点抬高']","['筹码集中度59%', '均线粘合(离散度1.84%)']"
301683,慧谷新材,98.61,8,3,"['地量', '均线粘合', '形态收敛']","['地量(均量37%)', '均线粘合(离散度4.29%)']"
301696,三瑞智能,95.99,8,3,"['地量', '均线粘合', '形态收敛']","['地量(均量34%)', '均线粘合(离散度4.53%)']"
399298,深证中高等级信用债指数,219.25,8,3,"['地量', '均线粘合', '形态收敛']","['筹码集中度100%', '地量(均量24%)', '均线粘合(离散度0.13%)']"
399301,深证信用债综合指数,223.2,8,3,"['地量', '均线粘合', '形态收敛']","['筹码集中度100%', '地量(均量24%)', '均线粘合(离散度0.13%)']"
399320,国证公共服务指数,2067.39,8,3,"['地量', '均线粘合', '形态收敛']","['筹码集中度100%', '地量(均量60%)', '均线粘合(离散度0.32%)']"
399359,国证基建指数,2491.47,8,3,"['地量', '均线粘合', '形态收敛']","['筹码集中度100%', '地量(均量47%)', '均线粘合(离散度0.17%)']"
399369,国证社会责任指数,1393.05,8,4,"['地量', '均线粘合', '形态收敛', '低位']","['筹码集中度79%', '地量(均量54%)', '均线粘合(离散度1.05%)']"
399381,国证1000能源行业指数,3482.42,8,3,"['地量', '均线粘合', '形态收敛']","['筹码集中度98%', '地量(均量53%)', '均线粘合(离散度1.50%)']"
399395,国证有色金属行业指数,9101.38,8,4,"['地量', '均线粘合', '形态收敛', '低位']","['筹码集中度63%', '地量(均量60%)', '均线粘合(离散度1.49%)']"
399408,巨潮小盘低波动率指数,14147.51,8,4,"['地量', '均线粘合', '形态收敛', '低位']","['筹码集中度68%', '地量(均量49%)', '均线粘合(离散度0.67%)']"
399431,国证银行行业指数,7846.62,8,3,"['均线粘合', '形态收敛', '低点抬高']","['筹码集中度98%', '均线粘合(离散度1.75%)']"
399439,国证石油天然气指数,2118.63,8,3,"['地量', '均线粘合', '形态收敛']","['筹码集中度77%', '地量(均量58%)', '均线粘合(离散度1.42%)']"
399481,国证企债指数,128.13,8,3,"['地量', '均线粘合', '低点抬高']","['筹码集中度100%', '地量(均量36%)', '均线粘合(离散度0.01%)']"
399610,深证电子信息传媒产业50指数,11815.53,8,3,"['均线粘合', '形态收敛', '低点抬高']","['筹码集中度55%', '均线粘合(离散度2.64%)']"
399639,深证大宗商品生产商指数,2113.82,8,4,"['地量', '均线粘合', '形态收敛', '低位']","['筹码集中度59%', '地量(均量59%)', '均线粘合(离散度1.26%)']"
399808,中证新能源指数,2269.47,8,4,"['地量', '均线粘合', '形态收敛', '低位']","['地量(均量55%)', '均线粘合(离散度3.33%)']"
399913,沪深300医药卫生指数,7991.42,8,3,"['地量', '均线粘合', '形态收敛']","['筹码集中度89%', '地量(均量54%)', '均线粘合(离散度0.72%)']"
399928,中证能源指数,3321.81,8,3,"['地量', '均线粘合', '形态收敛']","['筹码集中度97%', '地量(均量56%)', '均线粘合(离散度1.51%)']"
399995,中证基建工程指数,3538.35,8,4,"['地量', '均线粘合', '形态收敛', '低位']","['筹码集中度64%', '地量(均量55%)', '均线粘合(离散度0.79%)']"
399997,中证白酒指数,6191.84,8,4,"['地量', '均线粘合', '形态收敛', '低位']","['筹码集中度58%', '地量(均量50%)', '均线粘合(离散度1.62%)']"
